molecule_chembl_id,canonical_smiles,pIC50,fingerprint
CHEMBL305153,CC(C)(C)NC[C@H](O)CON=C1c2ccccc2-c2ccccc21,7.531652669587842,<rdkit.DataStructs.cDataStructs.ExplicitBitVect object at 0x000001E45F99C2E0>
CHEMBL368457,CC(C)(C)NCC(O)CON=C1c2ccccc2-c2ccccc21,7.421360790031928,<rdkit.DataStructs.cDataStructs.ExplicitBitVect object at 0x000001E45F99C350>
CHEMBL1788270,CC(C)(C)NC[C@@H](O)CON=C1c2ccccc2-c2ccccc21,7.363512103646634,<rdkit.DataStructs.cDataStructs.ExplicitBitVect object at 0x000001E45F99C3C0>
CHEMBL266195,C=CCc1ccccc1OCC(O)CNC(C)C,8.311580177997289,<rdkit.DataStructs.cDataStructs.ExplicitBitVect object at 0x000001E45F99C430>
CHEMBL423,CC(C)NCC(O)COc1ccc(CCOCC2CC2)cc1,7.430626090384954,<rdkit.DataStructs.cDataStructs.ExplicitBitVect object at 0x000001E45F99C4A0>
CHEMBL26917,Cc1ccc(OCC(O)CNC(C)C)c2c1CCC2,6.730487055782084,<rdkit.DataStructs.cDataStructs.ExplicitBitVect object at 0x000001E45F99C040>
CHEMBL433252,O=S(=O)(Nc1ccccc1)c1ccc2c(c1)CCN2c1cccc(CCCC2CCCC2)n1,5.522878745280337,<rdkit.DataStructs.cDataStructs.ExplicitBitVect object at 0x000001E45F99C510>
CHEMBL54750,O=S(=O)(Nc1ccccc1)c1ccc2c(c1)CCN2c1cccc(CCCC2CCCC2)c1,5.3979400086720375,<rdkit.DataStructs.cDataStructs.ExplicitBitVect object at 0x000001E45F99C580>
CHEMBL52407,CCCCCCCCc1nc(N2CCc3cc(S(=O)(=O)Nc4ccccc4)ccc32)no1,6.236572006437063,<rdkit.DataStructs.cDataStructs.ExplicitBitVect object at 0x000001E45F99C5F0>
CHEMBL56449,CCCCCCc1ccc(N2CCc3cc(S(=O)(=O)Nc4ccccc4)ccc32)nc1,5.7447274948966935,<rdkit.DataStructs.cDataStructs.ExplicitBitVect object at 0x000001E45F99C660>
CHEMBL54749,CCCCCCCCc1cnc(N2CCc3cc(S(=O)(=O)Nc4ccccc4)ccc32)o1,5.376750709602099,<rdkit.DataStructs.cDataStructs.ExplicitBitVect object at 0x000001E45F99C6D0>
CHEMBL301202,CN(C)C(=O)N1CCc2cc(S(=O)(=O)Nc3ccccc3)ccc21,5.045757490560675,<rdkit.DataStructs.cDataStructs.ExplicitBitVect object at 0x000001E45F99C740>
CHEMBL292407,CCCCCCCCN(C)C(=O)N1CCc2cc(S(=O)(=O)Nc3ccccc3)ccc21,6.013228265733755,<rdkit.DataStructs.cDataStructs.ExplicitBitVect object at 0x000001E45F99C7B0>
CHEMBL53679,CCCCCCCCc1csc(Nc2ccc(S(=O)(=O)Nc3ccccc3)cc2)n1,6.187086643357144,<rdkit.DataStructs.cDataStructs.ExplicitBitVect object at 0x000001E45F99C820>
CHEMBL299719,CCCCCCc1cccc(N2CCc3cc(S(=O)(=O)Nc4ccccc4)ccc32)n1,6.045757490560675,<rdkit.DataStructs.cDataStructs.ExplicitBitVect object at 0x000001E45F99C890>
CHEMBL55852,CCCCCCc1ccnc(N2CCc3cc(S(=O)(=O)Nc4ccccc4)ccc32)n1,5.853871964321762,<rdkit.DataStructs.cDataStructs.ExplicitBitVect object at 0x000001E45F99C900>
CHEMBL56308,CCCCCCc1cccc(N2CCc3cc(S(=O)(=O)Nc4ccccc4)ccc32)c1,6.154901959985743,<rdkit.DataStructs.cDataStructs.ExplicitBitVect object at 0x000001E45F99C970>
CHEMBL57486,CCCCCCNC(=O)Nc1ccc(S(=O)(=O)Nc2ccc(CCNC[C@H](O)c3cccnc3)cc2)cc1,5.096910013008056,<rdkit.DataStructs.cDataStructs.ExplicitBitVect object at 0x000001E45F99C9E0>
CHEMBL55541,O=S(=O)(Nc1ccccc1)c1ccc2c(c1)CCN2c1nc(CCCC2CCCC2)cs1,5.3979400086720375,<rdkit.DataStructs.cDataStructs.ExplicitBitVect object at 0x000001E45F99CA50>
CHEMBL54821,CCCCCCCCc1csc(N2CCc3cc(S(=O)(=O)Nc4ccccc4)ccc32)n1,5.585026652029182,<rdkit.DataStructs.cDataStructs.ExplicitBitVect object at 0x000001E45F99CAC0>
CHEMBL53359,CCCCCCCCc1ccnc(N2CCc3cc(S(=O)(=O)Nc4ccccc4)ccc32)n1,6.0,<rdkit.DataStructs.cDataStructs.ExplicitBitVect object at 0x000001E45F99CB30>
CHEMBL291467,CCCCCCCCc1cccc(N2CCc3cc(S(=O)(=O)Nc4ccccc4)ccc32)n1,6.657577319177793,<rdkit.DataStructs.cDataStructs.ExplicitBitVect object at 0x000001E45F99CBA0>
CHEMBL295502,O=S(=O)(Nc1ccccc1)c1ccc2c(c1)CCN2c1noc(CCCC2CCCC2)n1,6.481486060122113,<rdkit.DataStructs.cDataStructs.ExplicitBitVect object at 0x000001E45F99CC10>
CHEMBL298594,CCCCCCc1csc(N2CCc3cc(S(=O)(=O)Nc4ccccc4)ccc32)n1,5.853871964321762,<rdkit.DataStructs.cDataStructs.ExplicitBitVect object at 0x000001E45F99CC80>
CHEMBL56767,CCCCCCCCc1csc(N(C)c2ccc(S(=O)(=O)Nc3ccccc3)cc2)n1,5.823908740944319,<rdkit.DataStructs.cDataStructs.ExplicitBitVect object at 0x000001E45F99CCF0>
CHEMBL56768,CCCCCCc1nc(N2CCc3cc(S(=O)(=O)Nc4ccccc4)ccc32)no1,6.221848749616356,<rdkit.DataStructs.cDataStructs.ExplicitBitVect object at 0x000001E45F99CD60>
CHEMBL433454,Cc1csc(N2CCc3cc(S(=O)(=O)Nc4ccccc4)ccc32)n1,5.3979400086720375,<rdkit.DataStructs.cDataStructs.ExplicitBitVect object at 0x000001E45F99CDD0>
CHEMBL296380,CCCCCCCCc1cccc(N2CCc3cc(S(=O)(=O)Nc4ccccc4)ccc32)c1,5.6020599913279625,<rdkit.DataStructs.cDataStructs.ExplicitBitVect object at 0x000001E45F99CE40>
CHEMBL294008,CCCCCCCCC(=O)N1CCc2cc(S(=O)(=O)Nc3ccccc3)ccc21,5.7447274948966935,<rdkit.DataStructs.cDataStructs.ExplicitBitVect object at 0x000001E45F99CEB0>
CHEMBL57430,CCCCCCCCNC(=O)N1CCc2cc(S(=O)(=O)Nc3ccccc3)ccc21,6.0,<rdkit.DataStructs.cDataStructs.ExplicitBitVect object at 0x000001E45F99CF20>
CHEMBL53517,CN(C(=O)N1CCc2cc(S(=O)(=O)Nc3ccccc3)ccc21)C(C)(C)Cc1ccccc1,5.522878745280337,<rdkit.DataStructs.cDataStructs.ExplicitBitVect object at 0x000001E45F99CF90>
CHEMBL285458,CCCCCCCCc1nc(-c2ccc(S(=O)(=O)Nc3ccc(CCNC[C@H](O)c4cccnc4)cc3)cc2)no1,5.045757490560675,<rdkit.DataStructs.cDataStructs.ExplicitBitVect object at 0x000001E45F99D000>
CHEMBL33755,O=S(=O)(Nc1ccc(CCNC[C@H](O)c2cccnc2)cc1)c1ccc(-c2noc(CCCC3CCCCC3)n2)cc1,5.705533773838407,<rdkit.DataStructs.cDataStructs.ExplicitBitVect object at 0x000001E45F99D070>
CHEMBL33725,CCCCCc1nc(-c2ccc(S(=O)(=O)Nc3ccc(CCNC[C@H](O)c4cccnc4)cc3)cc2)no1,5.259637310505756,<rdkit.DataStructs.cDataStructs.ExplicitBitVect object at 0x000001E45F99D0E0>
CHEMBL288083,CCCCCCCc1nc(-c2ccc(S(=O)(=O)Nc3ccc(CCNC[C@H](O)c4cccnc4)cc3)cc2)no1,5.698970004336019,<rdkit.DataStructs.cDataStructs.ExplicitBitVect object at 0x000001E45F99D150>
CHEMBL433042,O=S(=O)(Nc1ccc(CCNC[C@H](O)c2cccnc2)cc1)c1ccc(-c2noc(CCCC3CCCC3)n2)cc1,5.259637310505756,<rdkit.DataStructs.cDataStructs.ExplicitBitVect object at 0x000001E45F99D1C0>
CHEMBL33013,CCCc1nc(-c2ccc(S(=O)(=O)Nc3ccc(CCNC[C@H](O)c4cccnc4)cc3)cc2)no1,5.070581074285707,<rdkit.DataStructs.cDataStructs.ExplicitBitVect object at 0x000001E45F99D230>
CHEMBL285242,O=S(=O)(Nc1ccc(CCNC[C@H](O)c2cccnc2)cc1)c1ccc(-c2noc(CCOC3CCCC3)n2)cc1,5.079198618174345,<rdkit.DataStructs.cDataStructs.ExplicitBitVect object at 0x000001E45F99D2A0>
CHEMBL285481,CCCCCCc1nc(-c2ccc(S(=O)(=O)Nc3ccc(CCNC[C@H](O)c4cccnc4)cc3)cc2)no1,5.698970004336019,<rdkit.DataStructs.cDataStructs.ExplicitBitVect object at 0x000001E45F99D310>
CHEMBL67886,COc1ccc(OC[C@@H](O)CNCCc2ccc(NS(=O)(=O)c3ccc(I)cc3)cc2)cc1,6.0655015487564325,<rdkit.DataStructs.cDataStructs.ExplicitBitVect object at 0x000001E45F99D380>
CHEMBL63842,Nc1ccc(OC[C@@H](O)CNCCc2ccc(NS(=O)(=O)c3ccc(Br)cc3)cc2)cn1,5.275724130399211,<rdkit.DataStructs.cDataStructs.ExplicitBitVect object at 0x000001E45F99D3F0>
CHEMBL67461,Nc1ccc(OC[C@@H](O)CNCCc2ccc(NS(=O)(=O)c3cnc4ccccc4c3)cc2)cn1,5.200659450546418,<rdkit.DataStructs.cDataStructs.ExplicitBitVect object at 0x000001E45F99D460>
CHEMBL67416,COc1ccc(S(=O)(=O)Nc2ccc(CCNC[C@H](O)COc3ccc(N)nc3)cc2)cc1,5.259637310505756,<rdkit.DataStructs.cDataStructs.ExplicitBitVect object at 0x000001E45F99D4D0>
CHEMBL67534,Nc1ccc(OC[C@@H](O)CNCCc2ccc(NS(=O)(=O)c3ccc(Cl)cc3)cc2)cn1,5.698970004336019,<rdkit.DataStructs.cDataStructs.ExplicitBitVect object at 0x000001E45F99D540>
CHEMBL64936,O=S(=O)(Nc1ccc(CCNC[C@H](O)COc2cccnc2)cc1)c1ccc(Cl)cc1,6.0,<rdkit.DataStructs.cDataStructs.ExplicitBitVect object at 0x000001E45F99D5B0>
CHEMBL64201,Nc1ccc(OC[C@@H](O)CNCCc2ccc(NS(=O)(=O)c3ccc(I)cc3)cc2)cn1,6.0,<rdkit.DataStructs.cDataStructs.ExplicitBitVect object at 0x000001E45F99D620>
CHEMBL67251,O=S(=O)(Nc1ccc(CCNC[C@H](O)COc2cccnc2)cc1)c1ccccc1,5.886056647693163,<rdkit.DataStructs.cDataStructs.ExplicitBitVect object at 0x000001E45F99D690>
CHEMBL67672,Nc1ccc(OC[C@@H](O)CNCCc2ccc(NS(=O)(=O)c3ccc(F)cc3)cc2)cn1,5.698970004336019,<rdkit.DataStructs.cDataStructs.ExplicitBitVect object at 0x000001E45F99D700>
CHEMBL304878,O=S(=O)(Nc1ccc(CCNC[C@H](O)COc2ccc(F)cc2)cc1)c1ccc(I)cc1,6.040958607678906,<rdkit.DataStructs.cDataStructs.ExplicitBitVect object at 0x000001E45F99D770>
CHEMBL64932,O=S(=O)(Nc1ccc(CCNC[C@H](O)COc2cccnc2)cc1)c1ccc(F)cc1,6.0,<rdkit.DataStructs.cDataStructs.ExplicitBitVect object at 0x000001E45F99D7E0>
CHEMBL292947,CC(C)c1ccc(S(=O)(=O)Nc2ccc(CCNC[C@H](O)COc3cccnc3)cc2)cc1,6.0,<rdkit.DataStructs.cDataStructs.ExplicitBitVect object at 0x000001E45F99D850>
CHEMBL276257,O=S(=O)(Nc1ccc(CCNC[C@H](O)COc2ccc(O)cc2)cc1)c1ccc(I)cc1,6.769551078621726,<rdkit.DataStructs.cDataStructs.ExplicitBitVect object at 0x000001E45F99D8C0>
CHEMBL304090,CCc1ccc(S(=O)(=O)Nc2ccc(CCNC[C@H](O)COc3ccc(N)nc3)cc2)cc1,6.356547323513812,<rdkit.DataStructs.cDataStructs.ExplicitBitVect object at 0x000001E45F99D930>
CHEMBL68408,CCCCCCNC(=O)Nc1ccc(S(=O)(=O)Nc2ccc(CCNC[C@H](O)COc3ccc(N)nc3)cc2)cc1,6.045757490560675,<rdkit.DataStructs.cDataStructs.ExplicitBitVect object at 0x000001E45F99D9A0>
CHEMBL64935,O=S(=O)(Nc1ccc(CCNC[C@H](O)COc2cccnc2)cc1)c1ccc(Br)cc1,5.698970004336019,<rdkit.DataStructs.cDataStructs.ExplicitBitVect object at 0x000001E45F99DA10>
CHEMBL65042,O=S(=O)(Nc1ccc(CCNC[C@H](O)COc2cccnc2)cc1)c1ccc(Cl)c(Cl)c1,6.5376020021010435,<rdkit.DataStructs.cDataStructs.ExplicitBitVect object at 0x000001E45F99DA80>
CHEMBL68021,CCc1ccc(S(=O)(=O)Nc2ccc(CCNC[C@H](O)COc3cccnc3)cc2)cc1,6.229147988357855,<rdkit.DataStructs.cDataStructs.ExplicitBitVect object at 0x000001E45F99DAF0>
CHEMBL442172,O=S(=O)(Nc1ccc(CCNC[C@H](O)COc2ccccc2)cc1)c1ccc(I)cc1,7.096910013008056,<rdkit.DataStructs.cDataStructs.ExplicitBitVect object at 0x000001E45F99DB60>
CHEMBL68334,O=S(=O)(Nc1ccc(CCNC[C@H](O)COc2cccnc2)cc1)c1cnc2ccccc2c1,5.886056647693163,<rdkit.DataStructs.cDataStructs.ExplicitBitVect object at 0x000001E45F99DBD0>
CHEMBL64760,CC(C)c1ccc(S(=O)(=O)Nc2ccc(CCNC[C@H](O)COc3ccc(N)nc3)cc2)cc1,5.7447274948966935,<rdkit.DataStructs.cDataStructs.ExplicitBitVect object at 0x000001E45F99DC40>
CHEMBL67015,CCCCCCNC(=O)Nc1ccc(S(=O)(=O)Nc2ccc(CCNC[C@H](O)COc3cccnc3)cc2)cc1,6.221848749616356,<rdkit.DataStructs.cDataStructs.ExplicitBitVect object at 0x000001E45F99DCB0>
CHEMBL66964,COc1ccc(S(=O)(=O)Nc2ccc(CCNC[C@H](O)COc3cccnc3)cc2)cc1,6.0,<rdkit.DataStructs.cDataStructs.ExplicitBitVect object at 0x000001E45F99DD20>
CHEMBL66859,Nc1ccc(OC[C@@H](O)CNCCc2ccc(NS(=O)(=O)c3ccc(Cl)c(Cl)c3)cc2)cn1,6.327902142064283,<rdkit.DataStructs.cDataStructs.ExplicitBitVect object at 0x000001E45F99DD90>
CHEMBL294042,O=S(=O)(Nc1ccc(CCNC[C@H](O)COc2cccnc2)cc1)c1ccc(I)cc1,6.0,<rdkit.DataStructs.cDataStructs.ExplicitBitVect object at 0x000001E45F99DE00>
CHEMBL285713,CCCCCCc1ncc(-c2ccc(S(=O)(=O)Nc3ccc(CCNC[C@H](O)c4cccnc4)cc3)cc2)o1,5.221848749616356,<rdkit.DataStructs.cDataStructs.ExplicitBitVect object at 0x000001E45F99DE70>
CHEMBL39269,O=S(=O)(Nc1ccc(CCNC[C@H](O)c2cccnc2)cc1)c1ccc(-c2cnc(-c3ccccc3)o2)cc1,5.522878745280337,<rdkit.DataStructs.cDataStructs.ExplicitBitVect object at 0x000001E45F99DEE0>
CHEMBL290053,O=S(=O)(Nc1ccc(CCNC[C@H](O)c2cccnc2)cc1)c1ccc(-c2coc(-c3ccc(C(F)(F)F)cc3)n2)cc1,5.6777807052660805,<rdkit.DataStructs.cDataStructs.ExplicitBitVect object at 0x000001E45F99DF50>
CHEMBL38254,O=S(=O)(Nc1ccc(CCNC[C@H](O)c2cccnc2)cc1)c1ccc(-c2cnc(CCC3CCCC3)o2)cc1,5.318758762624412,<rdkit.DataStructs.cDataStructs.ExplicitBitVect object at 0x000001E45F99DFC0>
CHEMBL40898,O=S(=O)(Nc1ccc(CCNC[C@H](O)c2cccnc2)cc1)c1ccc(-c2coc(-c3ccc(F)c(F)c3)n2)cc1,5.721246399047171,<rdkit.DataStructs.cDataStructs.ExplicitBitVect object at 0x000001E45F99E030>
CHEMBL287947,O=S(=O)(Nc1ccc(CCNC[C@H](O)c2cccnc2)cc1)c1ccc(-c2cnc(CCCC3CCCC3)o2)cc1,6.0,<rdkit.DataStructs.cDataStructs.ExplicitBitVect object at 0x000001E45F99E0A0>
CHEMBL287880,O=S(=O)(Nc1ccc(CCNC[C@H](O)c2cccnc2)cc1)c1ccc(-c2cnc(Cc3ccc(F)c(F)c3)o2)cc1,5.1249387366083,<rdkit.DataStructs.cDataStructs.ExplicitBitVect object at 0x000001E45F99E110>
CHEMBL288418,Cc1ncc(-c2ccc(S(=O)(=O)Nc3ccc(CCNC[C@H](O)c4cccnc4)cc3)cc2)o1,5.154901959985743,<rdkit.DataStructs.cDataStructs.ExplicitBitVect object at 0x000001E45F99E180>
CHEMBL38562,O=S(=O)(Nc1ccc(CCNC[C@H](O)c2cccnc2)cc1)c1ccc(-c2cnc(-c3ccc(F)cc3)o2)cc1,5.187086643357144,<rdkit.DataStructs.cDataStructs.ExplicitBitVect object at 0x000001E45F99E1F0>
CHEMBL289689,O=S(=O)(Nc1ccc(CCNC[C@H](O)c2cccnc2)cc1)c1ccc(-c2coc(Cc3ccc(F)c(F)c3)n2)cc1,5.619788758288394,<rdkit.DataStructs.cDataStructs.ExplicitBitVect object at 0x000001E45F99E260>
CHEMBL37335,O=S(=O)(Nc1ccc(CCNC[C@H](O)c2cccnc2)cc1)c1ccc(-c2coc(COc3ccc(F)cc3)n2)cc1,5.187086643357144,<rdkit.DataStructs.cDataStructs.ExplicitBitVect object at 0x000001E45F99E2D0>
CHEMBL290131,CCCCCCCCc1ncc(-c2ccc(S(=O)(=O)Nc3ccc(CCNC[C@H](O)c4cccnc4)cc3)cc2)o1,6.455931955649724,<rdkit.DataStructs.cDataStructs.ExplicitBitVect object at 0x000001E45F99E340>
CHEMBL288917,O=S(=O)(Nc1ccc(CCNC[C@H](O)c2cccnc2)cc1)c1ccc(-c2coc(CCC3CCCC3)n2)cc1,5.698970004336019,<rdkit.DataStructs.cDataStructs.ExplicitBitVect object at 0x000001E45F99E3B0>
CHEMBL36101,O=S(=O)(Nc1ccc(CCNC[C@H](O)c2cccnc2)cc1)c1ccc(-c2cnc(CC3CCCC3)o2)cc1,5.096910013008056,<rdkit.DataStructs.cDataStructs.ExplicitBitVect object at 0x000001E45F99E420>
CHEMBL39577,CCCCCc1ncc(-c2ccc(S(=O)(=O)Nc3ccc(CCNC[C@H](O)c4cccnc4)cc3)cc2)o1,6.698970004336019,<rdkit.DataStructs.cDataStructs.ExplicitBitVect object at 0x000001E45F99E490>
CHEMBL39804,CC(C)(C)CCCc1ncc(-c2ccc(S(=O)(=O)Nc3ccc(CCNC[C@H](O)c4cccnc4)cc3)cc2)o1,5.698970004336019,<rdkit.DataStructs.cDataStructs.ExplicitBitVect object at 0x000001E45F99E500>
CHEMBL285520,O=S(=O)(Nc1ccc(CCNC[C@H](O)c2cccnc2)cc1)c1ccc(-c2coc(Cc3ccc(C(F)(F)F)cc3)n2)cc1,5.920818753952375,<rdkit.DataStructs.cDataStructs.ExplicitBitVect object at 0x000001E45F99E570>
CHEMBL36609,O=S(=O)(Nc1ccc(CCNC[C@H](O)c2cccnc2)cc1)c1ccc(-c2coc(COc3ccc(F)c(F)c3)n2)cc1,5.187086643357144,<rdkit.DataStructs.cDataStructs.ExplicitBitVect object at 0x000001E45F99E5E0>
CHEMBL289316,O=S(=O)(Nc1ccc(CCNC[C@H](O)c2cccnc2)cc1)c1ccc(-c2cnc(Cc3cc(F)c(F)c(F)c3)o2)cc1,5.698970004336019,<rdkit.DataStructs.cDataStructs.ExplicitBitVect object at 0x000001E45F99E650>
CHEMBL418234,O=S(=O)(Nc1ccc(CCNC[C@H](O)c2cccnc2)cc1)c1ccc(-c2coc(Cc3ccc(F)cc3)n2)cc1,5.327902142064283,<rdkit.DataStructs.cDataStructs.ExplicitBitVect object at 0x000001E45F99E6C0>
CHEMBL471,CC(C)NCC(O)c1ccc(NS(C)(=O)=O)cc1,5.050609993355087,<rdkit.DataStructs.cDataStructs.ExplicitBitVect object at 0x000001E45F99E730>
CHEMBL95966,Cc1cccc(OCC(O)CNCc2ccc(NS(C)(=O)=O)cc2)c1,5.619788758288394,<rdkit.DataStructs.cDataStructs.ExplicitBitVect object at 0x000001E45F99E7A0>
CHEMBL95754,Cc1ccccc1OCC(O)CN1CCN(c2ccc(NS(C)(=O)=O)cc2)CC1,5.481486060122113,<rdkit.DataStructs.cDataStructs.ExplicitBitVect object at 0x000001E45F99E810>
CHEMBL95727,COCCc1ccc(OCC(O)CNCc2ccc(NS(C)(=O)=O)cc2)cc1,5.136677139879544,<rdkit.DataStructs.cDataStructs.ExplicitBitVect object at 0x000001E45F99E880>
CHEMBL1193886,CS(=O)(=O)Nc1ccc(OC[C@@H](O)CNCCOc2ccc(-n3ccnc3)cc2)cc1,5.619788758288394,<rdkit.DataStructs.cDataStructs.ExplicitBitVect object at 0x000001E45F99E8F0>
CHEMBL98773,Cc1ccccc1OCC(O)CNCc1ccc(-n2ccnc2)cc1,6.096910013008056,<rdkit.DataStructs.cDataStructs.ExplicitBitVect object at 0x000001E45F99E960>
CHEMBL27,CC(C)NCC(O)COc1cccc2ccccc12,7.7447274948966935,<rdkit.DataStructs.cDataStructs.ExplicitBitVect object at 0x000001E45F99E9D0>
CHEMBL1193886,CS(=O)(=O)Nc1ccc(OC[C@@H](O)CNCCOc2ccc(-n3ccnc3)cc2)cc1,5.795880017344075,<rdkit.DataStructs.cDataStructs.ExplicitBitVect object at 0x000001E45F99EA40>
CHEMBL57486,CCCCCCNC(=O)Nc1ccc(S(=O)(=O)Nc2ccc(CCNC[C@H](O)c3cccnc3)cc2)cc1,5.096910013008056,<rdkit.DataStructs.cDataStructs.ExplicitBitVect object at 0x000001E45F99EAB0>
CHEMBL104076,O=C(Nc1ccc(S(=O)(=O)Nc2ccc(CCNC[C@H](O)c3cccnc3)cc2)cc1)OCCc1ccccc1,5.154901959985743,<rdkit.DataStructs.cDataStructs.ExplicitBitVect object at 0x000001E45F99EB20>
CHEMBL106746,CNC(=O)Nc1ccc(S(=O)(=O)Nc2ccc(CCNC[C@H](O)c3cccnc3)cc2)cc1,5.698970004336019,<rdkit.DataStructs.cDataStructs.ExplicitBitVect object at 0x000001E45F99EB90>
CHEMBL323113,CCCCCCCCNC(=O)Nc1ccc(S(=O)(=O)Nc2ccc(CCNC[C@H](O)c3cccnc3)cc2)cc1,6.013228265733755,<rdkit.DataStructs.cDataStructs.ExplicitBitVect object at 0x000001E45F99EC00>
CHEMBL284782,C[C@H](Cc1ccc(OCC(=O)O)cc1)NC[C@H](O)c1cccc(Cl)c1,5.301029995663981,<rdkit.DataStructs.cDataStructs.ExplicitBitVect object at 0x000001E45F99EC70>
CHEMBL104061,CCCNC(=O)Nc1ccc(S(=O)(=O)Nc2ccc(CCNC[C@H](O)c3cccnc3)cc2)cc1,5.698970004336019,<rdkit.DataStructs.cDataStructs.ExplicitBitVect object at 0x000001E45F99ECE0>
CHEMBL104193,O=C(NCCc1ccccc1)Nc1ccc(S(=O)(=O)Nc2ccc(CCNC[C@H](O)c3cccnc3)cc2)cc1,6.795880017344075,<rdkit.DataStructs.cDataStructs.ExplicitBitVect object at 0x000001E45F99ED50>
CHEMBL318165,CCCCCCCC(=O)Nc1ccc(S(=O)(=O)Nc2ccc(CCNC[C@H](O)c3cccnc3)cc2)cc1,5.096910013008056,<rdkit.DataStructs.cDataStructs.ExplicitBitVect object at 0x000001E45F99EDC0>
CHEMBL104127,CS(=O)(=O)Nc1ccc(CCNC[C@H](O)c2cccnc2)cc1,5.154901959985743,<rdkit.DataStructs.cDataStructs.ExplicitBitVect object at 0x000001E45F99EE30>
CHEMBL321957,CCCCCCOC(=O)Nc1ccc(S(=O)(=O)Nc2ccc(CCNC[C@H](O)c3cccnc3)cc2)cc1,5.698970004336019,<rdkit.DataStructs.cDataStructs.ExplicitBitVect object at 0x000001E45F99EEA0>
CHEMBL545363,CS(=O)(=O)Nc1ccc(OC[C@@H](O)CNCCOc2ccc(-n3ccnc3)cc2)cc1.Cl,5.769551078621726,<rdkit.DataStructs.cDataStructs.ExplicitBitVect object at 0x000001E45F99EF10>
CHEMBL552615,CS(=O)(=O)Nc1ccc(OCC(O)CNCCOc2ccc(-n3ccnc3)cc2)cc1.Cl,5.619788758288394,<rdkit.DataStructs.cDataStructs.ExplicitBitVect object at 0x000001E45F99EF80>
CHEMBL536800,CC(C)(COc1ccc(-n2ccnc2)cc1)NCC(O)COc1ccc(NS(C)(=O)=O)cc1.Cl.Cl,5.585026652029182,<rdkit.DataStructs.cDataStructs.ExplicitBitVect object at 0x000001E45F99EFF0>
CHEMBL11629,Cc1nccn1-c1ccc(OCCNCC(O)COc2ccc(NS(C)(=O)=O)cc2)cc1.O=P(O)(O)O,5.552841968657781,<rdkit.DataStructs.cDataStructs.ExplicitBitVect object at 0x000001E45F99F060>
CHEMBL471,CC(C)NCC(O)c1ccc(NS(C)(=O)=O)cc1,5.045757490560675,<rdkit.DataStructs.cDataStructs.ExplicitBitVect object at 0x000001E45F99F0D0>
CHEMBL348501,Cc1ccc(S(=O)(=O)NC(=O)Cc2ccc(NC[C@@H](C)NC[C@H](O)c3cccc(Cl)c3)cc2)cc1,5.700000503883016,<rdkit.DataStructs.cDataStructs.ExplicitBitVect object at 0x000001E45F99F140>
CHEMBL154419,C[C@H](CNc1ccc(CC(=O)O)cc1)NC[C@H](O)c1cccc(Cl)c1,6.0,<rdkit.DataStructs.cDataStructs.ExplicitBitVect object at 0x000001E45F99F1B0>
CHEMBL347582,Cc1ccc(S(=O)(=O)NC(=O)Cc2cccc(NC[C@@H](C)NC[C@H](O)c3cccc(Cl)c3)c2)cc1,5.300000202445418,<rdkit.DataStructs.cDataStructs.ExplicitBitVect object at 0x000001E45F99F220>
CHEMBL302893,O=S(=O)(Nc1ccc(CCNC[C@H](O)c2cccnc2)cc1)c1ccc(-n2ncc(-c3ccc(OC(F)(F)F)cc3)n2)cc1,5.886056647693163,<rdkit.DataStructs.cDataStructs.ExplicitBitVect object at 0x000001E45F99F290>
CHEMBL304991,O=S(=O)(Nc1ccc(CCNC[C@H](O)c2cccnc2)cc1)c1ccc(-n2ncc(Cc3ccc(OC(F)(F)F)cc3)n2)cc1,5.585026652029182,<rdkit.DataStructs.cDataStructs.ExplicitBitVect object at 0x000001E45F99F300>
CHEMBL63138,O=S(=O)(Nc1ccc(CCNC[C@H](O)c2cccnc2)cc1)c1ccc(-n2ncc(-c3ccc(F)c(F)c3)n2)cc1,5.585026652029182,<rdkit.DataStructs.cDataStructs.ExplicitBitVect object at 0x000001E45F99F370>
CHEMBL65513,O=S(=O)(Nc1ccc(CCNC[C@H](O)c2cccnc2)cc1)c1ccc(-n2ncc(Cc3ccc(F)c(F)c3)n2)cc1,5.698970004336019,<rdkit.DataStructs.cDataStructs.ExplicitBitVect object at 0x000001E45F99F3E0>
CHEMBL22318,CCCCCCCCn1nnn(-c2ccc(S(=O)(=O)Nc3ccc(CCNC[C@H](O)c4cccnc4)cc3)cc2)c1=O,5.853871964321762,<rdkit.DataStructs.cDataStructs.ExplicitBitVect object at 0x000001E45F99F450>
CHEMBL277613,O=S(=O)(Nc1ccc(CCNC[C@H](O)c2cccnc2)cc1)c1ccc(-n2ncc(COc3ccc(C(F)(F)F)cc3)n2)cc1,6.036212172654444,<rdkit.DataStructs.cDataStructs.ExplicitBitVect object at 0x000001E45F99F4C0>
CHEMBL304298,O=S(=O)(Nc1ccc(CCNC[C@H](O)c2cccnc2)cc1)c1ccc(-n2ncc(Cc3ccc(F)cc3)n2)cc1,5.6020599913279625,<rdkit.DataStructs.cDataStructs.ExplicitBitVect object at 0x000001E45F99F530>
CHEMBL63963,O=S(=O)(Nc1ccc(CCNC[C@H](O)c2cccnc2)cc1)c1ccc(-n2ncc(Cc3cccc(F)c3)n2)cc1,5.522878745280337,<rdkit.DataStructs.cDataStructs.ExplicitBitVect object at 0x000001E45F99F5A0>
CHEMBL63825,O=S(=O)(Nc1ccc(CCNC[C@H](O)c2cccnc2)cc1)c1ccc(-n2ncc(COc3ccc(OC(F)(F)F)cc3)n2)cc1,5.207608310501746,<rdkit.DataStructs.cDataStructs.ExplicitBitVect object at 0x000001E45F99F610>
CHEMBL22345,CCCCCCn1nnn(-c2ccc(S(=O)(=O)Nc3ccc(CCNC[C@H](O)c4cccnc4)cc3)cc2)c1=O,5.301029995663981,<rdkit.DataStructs.cDataStructs.ExplicitBitVect object at 0x000001E45F99F680>
CHEMBL66908,O=S(=O)(Nc1ccc(CCNC[C@H](O)c2cccnc2)cc1)c1ccc(-n2ncc(-c3cccc(F)c3)n2)cc1,5.060480747381382,<rdkit.DataStructs.cDataStructs.ExplicitBitVect object at 0x000001E45F99F6F0>
CHEMBL68301,O=S(=O)(Nc1ccc(CCNC[C@H](O)c2cccnc2)cc1)c1ccc(-n2ncc(COc3ccc(F)c(F)c3)n2)cc1,6.031517051446065,<rdkit.DataStructs.cDataStructs.ExplicitBitVect object at 0x000001E45F99F760>
CHEMBL22375,O=c1n(CCCC2CCCC2)nnn1-c1ccc(S(=O)(=O)Nc2ccc(CCNC[C@H](O)c3cccnc3)cc2)cc1,5.468521082957745,<rdkit.DataStructs.cDataStructs.ExplicitBitVect object at 0x000001E45F99F7D0>
CHEMBL63357,COc1ccc(-c2cnn(-c3ccc(S(=O)(=O)Nc4ccc(CCNC[C@H](O)c5cccnc5)cc4)cc3)n2)cc1F,5.251811972993799,<rdkit.DataStructs.cDataStructs.ExplicitBitVect object at 0x000001E45F99F840>
CHEMBL13079,O=S(=O)(Cc1ccccc1)Nc1ccc(CCNC[C@H](O)COc2ccc(O)cc2)cc1,7.221848749616356,<rdkit.DataStructs.cDataStructs.ExplicitBitVect object at 0x000001E45F99F8B0>
CHEMBL332132,N#CN/C(=N\c1ccc2c(c1)N(c1nc(-c3ccc(OC(F)(F)F)cc3)cs1)CC2)Nc1ccc(CCNC[C@H](O)c2cccnc2)cc1,6.2076083105017466,<rdkit.DataStructs.cDataStructs.ExplicitBitVect object at 0x000001E45F99F920>
CHEMBL125246,O=[N+]([O-])/C=C(\Nc1ccc(CCNC[C@H](O)c2cccnc2)cc1)Nc1cc(Cl)cc(Cl)c1,5.42021640338319,<rdkit.DataStructs.cDataStructs.ExplicitBitVect object at 0x000001E45F99F990>
CHEMBL144870,CCCCCCCNC(=O)Nc1ccc(S(=O)(=O)Nc2ccc(CCNC[C@H](O)COc3ccc(O)cc3)cc2)cc1,6.698970004336019,<rdkit.DataStructs.cDataStructs.ExplicitBitVect object at 0x000001E45F99FA00>
CHEMBL267545,O=S(=O)(Nc1ccc(CCNC[C@H](O)COc2ccc(O)cc2)cc1)c1ccc(Br)cc1,6.292429823902063,<rdkit.DataStructs.cDataStructs.ExplicitBitVect object at 0x000001E45F99FA70>
CHEMBL12998,CCCCCCNC(=O)Nc1ccc(S(=O)(=O)Nc2ccc(CCNC[C@H](O)COc3ccc(O)cc3)cc2)cc1,6.698970004336019,<rdkit.DataStructs.cDataStructs.ExplicitBitVect object at 0x000001E45F99FAE0>
CHEMBL12188,CS(=O)(=O)Nc1ccc(CCNC[C@H](O)COc2ccc(O)cc2)cc1,6.080921907623926,<rdkit.DataStructs.cDataStructs.ExplicitBitVect object at 0x000001E45F99FB50>
CHEMBL12813,O=S(=O)(Nc1ccc(CCNC[C@H](O)COc2ccc(O)cc2)cc1)c1cccc(Cl)c1,6.0,<rdkit.DataStructs.cDataStructs.ExplicitBitVect object at 0x000001E45F99FBC0>
CHEMBL13389,COC(=O)Nc1ccc(S(=O)(=O)Nc2ccc(CCNC[C@H](O)COc3ccc(O)cc3)cc2)cc1,6.6020599913279625,<rdkit.DataStructs.cDataStructs.ExplicitBitVect object at 0x000001E45F99FC30>
CHEMBL274782,COc1ccc(CC[C@H](C)NC[C@H](O)COc2ccc(O)cc2)cc1,8.0,<rdkit.DataStructs.cDataStructs.ExplicitBitVect object at 0x000001E45F99FCA0>
CHEMBL276659,O=C(Nc1ccc(CCNC[C@H](O)COc2ccc(O)cc2)cc1)c1ccccc1,8.173925197299173,<rdkit.DataStructs.cDataStructs.ExplicitBitVect object at 0x000001E45F99FD10>
CHEMBL124668,N#CN/C(=N\c1cccc(F)c1)Nc1ccc(CCNC[C@H](O)c2cccnc2)cc1,6.229147988357855,<rdkit.DataStructs.cDataStructs.ExplicitBitVect object at 0x000001E45F99FD80>
CHEMBL439794,N#CN/C(=N\c1cccc2ccccc12)Nc1ccc(CCNC[C@H](O)c2cccnc2)cc1,6.318758762624412,<rdkit.DataStructs.cDataStructs.ExplicitBitVect object at 0x000001E45F99FDF0>
CHEMBL431678,N#CN/C(=N\c1ccc2c(c1)CCN2c1nc(-c2ccc(OC(F)(F)F)cc2)cs1)Nc1ccc(CCNC[C@H](O)c2cccnc2)cc1,7.187086643357144,<rdkit.DataStructs.cDataStructs.ExplicitBitVect object at 0x000001E45F99FE60>
CHEMBL13278,O=S(=O)(Nc1ccc(CCNC[C@H](O)COc2ccc(O)cc2)cc1)c1ccc2ccccc2c1,5.045757490560675,<rdkit.DataStructs.cDataStructs.ExplicitBitVect object at 0x000001E45F99FED0>
CHEMBL12674,O=S(=O)(CCc1ccccc1)Nc1ccc(CCNC[C@H](O)COc2ccc(O)cc2)cc1,6.958607314841775,<rdkit.DataStructs.cDataStructs.ExplicitBitVect object at 0x000001E45F99FF40>
CHEMBL125168,N#CN/C(=N\c1cccc(I)c1)Nc1ccc(CCNC[C@H](O)c2cccnc2)cc1,6.638272163982407,<rdkit.DataStructs.cDataStructs.ExplicitBitVect object at 0x000001E45FFF4040>
CHEMBL301231,CCCCCCCCc1csc(N2CCc3cc(S(=O)(=O)Nc4ccc(CCNC[C@H](O)c5cccnc5)cc4)ccc32)n1,5.6020599913279625,<rdkit.DataStructs.cDataStructs.ExplicitBitVect object at 0x000001E45FFF40B0>
CHEMBL12686,COc1ccc(S(=O)(=O)Nc2ccc(CCNC[C@H](O)COc3ccc(O)cc3)cc2)cc1,6.853871964321762,<rdkit.DataStructs.cDataStructs.ExplicitBitVect object at 0x000001E45FFF4120>
CHEMBL124597,N#CN/C(=N\c1ccc2c(c1)CCN2c1nc(-c2ccc(OC(F)(F)F)cc2)cs1)Nc1ccc2cc(CCNC[C@H](O)c3cccnc3)ccc2c1,5.638272163982407,<rdkit.DataStructs.cDataStructs.ExplicitBitVect object at 0x000001E45FFF4190>
CHEMBL13432,O=C(Nc1ccc(S(=O)(=O)Nc2ccc(CCNC[C@H](O)COc3ccc(O)cc3)cc2)cc1)NC1CCCCC1,6.585026652029182,<rdkit.DataStructs.cDataStructs.ExplicitBitVect object at 0x000001E45FFF4200>
CHEMBL12769,O=S(=O)(Nc1ccc(CCNC[C@H](O)COc2ccc(O)cc2)cc1)c1cnc2ccccc2c1,6.301029995663981,<rdkit.DataStructs.cDataStructs.ExplicitBitVect object at 0x000001E45FFF4270>
CHEMBL126055,N#CN/C(=N\c1ccc(I)cc1)Nc1ccc(CCNC[C@H](O)c2cccnc2)cc1,6.136677139879544,<rdkit.DataStructs.cDataStructs.ExplicitBitVect object at 0x000001E45FFF42E0>
CHEMBL124863,N#CN/C(=N\c1cccc(Oc2ccccc2)c1)Nc1ccc(CCNC[C@H](O)c2cccnc2)cc1,6.619788758288394,<rdkit.DataStructs.cDataStructs.ExplicitBitVect object at 0x000001E45FFF4350>
CHEMBL13003,O=S(=O)(CCCc1ccccc1)Nc1ccc(CCNC[C@H](O)COc2ccc(O)cc2)cc1,6.0,<rdkit.DataStructs.cDataStructs.ExplicitBitVect object at 0x000001E45FFF43C0>
CHEMBL338618,N#CN/C(=N\c1cc(Cl)cc(Cl)c1)Nc1ccc(CCNC[C@H](O)c2cccnc2)cc1,6.5376020021010435,<rdkit.DataStructs.cDataStructs.ExplicitBitVect object at 0x000001E45FFF4430>
CHEMBL274144,CCCCCCN(C)C(=O)Nc1ccc(S(=O)(=O)Nc2ccc(CCNC[C@H](O)COc3ccc(O)cc3)cc2)cc1,6.096910013008056,<rdkit.DataStructs.cDataStructs.ExplicitBitVect object at 0x000001E45FFF44A0>
CHEMBL124584,O=[N+]([O-])/C=C(\Nc1ccc(CCNC[C@H](O)c2cccnc2)cc1)Nc1cccc(F)c1,5.522878745280337,<rdkit.DataStructs.cDataStructs.ExplicitBitVect object at 0x000001E45FFF4510>
CHEMBL127451,NC(=O)c1cccc(N/C(=C/[N+](=O)[O-])Nc2ccc(CCNC[C@H](O)c3cccnc3)cc2)c1,6.102372908709558,<rdkit.DataStructs.cDataStructs.ExplicitBitVect object at 0x000001E45FFF4580>
CHEMBL410702,O=[N+]([O-])/C=C(\Nc1ccc(CCNC[C@H](O)c2cccnc2)cc1)Nc1ccc2ccccc2c1,6.086186147616283,<rdkit.DataStructs.cDataStructs.ExplicitBitVect object at 0x000001E45FFF45F0>
CHEMBL13459,CCCCCNC(=O)Nc1ccc(S(=O)(=O)Nc2ccc(CCNC[C@H](O)COc3ccc(O)cc3)cc2)cc1,6.522878745280337,<rdkit.DataStructs.cDataStructs.ExplicitBitVect object at 0x000001E45FFF4660>
CHEMBL13034,Nc1ccc(CCNC[C@H](O)COc2ccc(O)cc2)cc1,6.0,<rdkit.DataStructs.cDataStructs.ExplicitBitVect object at 0x000001E45FFF46D0>
CHEMBL127422,N#CN/C(=N\c1ccc2ccccc2c1)Nc1ccc(CCNC[C@H](O)c2cccnc2)cc1,6.130768280269024,<rdkit.DataStructs.cDataStructs.ExplicitBitVect object at 0x000001E45FFF4740>
CHEMBL127428,O=[N+]([O-])/C=C(\Nc1ccc(CCNC[C@H](O)c2cccnc2)cc1)Nc1cccc(I)c1,5.958607314841775,<rdkit.DataStructs.cDataStructs.ExplicitBitVect object at 0x000001E45FFF47B0>
CHEMBL419787,O=[N+]([O-])/C=C(\Nc1ccc(CCNC[C@H](O)c2cccnc2)cc1)Nc1cccc(Oc2ccccc2)c1,6.080921907623926,<rdkit.DataStructs.cDataStructs.ExplicitBitVect object at 0x000001E45FFF4820>
CHEMBL12939,CCCCCCOC(=O)Nc1ccc(S(=O)(=O)Nc2ccc(CCNC[C@H](O)COc3ccc(O)cc3)cc2)cc1,6.721246399047171,<rdkit.DataStructs.cDataStructs.ExplicitBitVect object at 0x000001E45FFF4890>
CHEMBL12911,CCOC(=O)Nc1ccc(S(=O)(=O)Nc2ccc(CCNC[C@H](O)COc3ccc(O)cc3)cc2)cc1,6.657577319177793,<rdkit.DataStructs.cDataStructs.ExplicitBitVect object at 0x000001E45FFF4900>
CHEMBL12633,C[C@@H](Cc1ccc(O)cc1)NC[C@H](O)COc1ccc(O)cc1,7.0915149811213505,<rdkit.DataStructs.cDataStructs.ExplicitBitVect object at 0x000001E45FFF4970>
CHEMBL276480,CCCS(=O)(=O)Nc1ccc(CCNC[C@H](O)COc2ccc(O)cc2)cc1,6.0,<rdkit.DataStructs.cDataStructs.ExplicitBitVect object at 0x000001E45FFF49E0>
CHEMBL274807,O=S(=O)(Nc1ccc(CCNC[C@H](O)COc2ccc(O)cc2)cc1)C1CCCCC1,5.698970004336019,<rdkit.DataStructs.cDataStructs.ExplicitBitVect object at 0x000001E45FFF4A50>
CHEMBL13106,CC(C)OC(=O)Nc1ccc(S(=O)(=O)Nc2ccc(CCNC[C@H](O)COc3ccc(O)cc3)cc2)cc1,6.619788758288394,<rdkit.DataStructs.cDataStructs.ExplicitBitVect object at 0x000001E45FFF4AC0>
CHEMBL127656,CCCCCCCCc1csc(N2CCc3c(N/C(=N/c4ccc(CCNC[C@H](O)c5cccnc5)cc4)NC#N)cccc32)n1,5.920818753952375,<rdkit.DataStructs.cDataStructs.ExplicitBitVect object at 0x000001E45FFF4B30>
CHEMBL13521,COCCCNC(=O)Nc1ccc(S(=O)(=O)Nc2ccc(CCNC[C@H](O)COc3ccc(O)cc3)cc2)cc1,6.0,<rdkit.DataStructs.cDataStructs.ExplicitBitVect object at 0x000001E45FFF4BA0>
CHEMBL12994,C[C@@H](CCc1ccc(O)cc1)NC[C@H](O)COc1ccc(O)cc1,7.823908740944319,<rdkit.DataStructs.cDataStructs.ExplicitBitVect object at 0x000001E45FFF4C10>
CHEMBL417613,O=S(=O)(Nc1ccc(CCNC[C@H](O)COc2ccc(O)cc2)cc1)c1ccccc1,6.7447274948966935,<rdkit.DataStructs.cDataStructs.ExplicitBitVect object at 0x000001E45FFF4C80>
CHEMBL12718,Cc1ccc(S(=O)(=O)Nc2ccc(CCNC[C@H](O)COc3ccc(O)cc3)cc2)cc1,6.823908740944319,<rdkit.DataStructs.cDataStructs.ExplicitBitVect object at 0x000001E45FFF4CF0>
CHEMBL273428,CC(=O)Nc1ccc(S(=O)(=O)Nc2ccc(CCNC[C@H](O)COc3ccc(O)cc3)cc2)cc1,6.0,<rdkit.DataStructs.cDataStructs.ExplicitBitVect object at 0x000001E45FFF4D60>
CHEMBL12498,CCCCCS(=O)(=O)Nc1ccc(CCNC[C@H](O)COc2ccc(O)cc2)cc1,6.0,<rdkit.DataStructs.cDataStructs.ExplicitBitVect object at 0x000001E45FFF4DD0>
CHEMBL338664,CCCCCCCCc1csc(N2CCc3cc(N/C(S)=N/c4ccc(CCNC[C@H](O)c5cccnc5)cc4)ccc32)n1,6.958607314841775,<rdkit.DataStructs.cDataStructs.ExplicitBitVect object at 0x000001E45FFF4E40>
CHEMBL13398,CNC(=O)Nc1ccc(S(=O)(=O)Nc2ccc(CCNC[C@H](O)COc3ccc(O)cc3)cc2)cc1,6.455931955649724,<rdkit.DataStructs.cDataStructs.ExplicitBitVect object at 0x000001E45FFF4EB0>
CHEMBL13467,CCCCCCCCNC(=O)Nc1ccc(S(=O)(=O)Nc2ccc(CCNC[C@H](O)COc3ccc(O)cc3)cc2)cc1,6.823908740944319,<rdkit.DataStructs.cDataStructs.ExplicitBitVect object at 0x000001E45FFF4F20>
CHEMBL12450,O=S(=O)(Nc1ccc(CCNC[C@H](O)COc2ccc(O)cc2)cc1)c1ccc(Cl)cc1,6.0,<rdkit.DataStructs.cDataStructs.ExplicitBitVect object at 0x000001E45FFF4F90>
CHEMBL124929,CCCCCCCCc1csc(N2CCc3ccc(N/C(=N/c4ccc(CCNC[C@H](O)c5cccnc5)cc4)NC#N)cc32)n1,7.130768280269024,<rdkit.DataStructs.cDataStructs.ExplicitBitVect object at 0x000001E45FFF5000>
CHEMBL13238,CC(C)S(=O)(=O)Nc1ccc(CCNC[C@H](O)COc2ccc(O)cc2)cc1,7.0,<rdkit.DataStructs.cDataStructs.ExplicitBitVect object at 0x000001E45FFF5070>
CHEMBL13132,O=C(Nc1ccc(S(=O)(=O)Nc2ccc(CCNC[C@H](O)COc3ccc(O)cc3)cc2)cc1)OCc1ccccc1,6.721246399047171,<rdkit.DataStructs.cDataStructs.ExplicitBitVect object at 0x000001E45FFF50E0>
CHEMBL275511,CCCNC(=O)Nc1ccc(S(=O)(=O)Nc2ccc(CCNC[C@H](O)COc3ccc(O)cc3)cc2)cc1,6.267606240177032,<rdkit.DataStructs.cDataStructs.ExplicitBitVect object at 0x000001E45FFF5150>
CHEMBL267306,O=S(=O)(Nc1ccc(CCNC[C@H](O)COc2ccc(O)cc2)cc1)c1ccccc1Cl,6.214670164989233,<rdkit.DataStructs.cDataStructs.ExplicitBitVect object at 0x000001E45FFF51C0>
CHEMBL276257,O=S(=O)(Nc1ccc(CCNC[C@H](O)COc2ccc(O)cc2)cc1)c1ccc(I)cc1,6.769551078621726,<rdkit.DataStructs.cDataStructs.ExplicitBitVect object at 0x000001E45FFF5230>
CHEMBL12876,Oc1ccc(CCNC[C@H](O)COc2ccc(O)cc2)cc1,6.045757490560675,<rdkit.DataStructs.cDataStructs.ExplicitBitVect object at 0x000001E45FFF52A0>
CHEMBL417250,O=C(Nc1ccc(S(=O)(=O)Nc2ccc(CCNC[C@H](O)COc3ccc(O)cc3)cc2)cc1)c1ccccc1,6.657577319177793,<rdkit.DataStructs.cDataStructs.ExplicitBitVect object at 0x000001E45FFF5310>
CHEMBL13102,CC(=O)Nc1ccc(CCNC[C@H](O)COc2ccc(O)cc2)cc1,7.6020599913279625,<rdkit.DataStructs.cDataStructs.ExplicitBitVect object at 0x000001E45FFF5380>
CHEMBL12943,CCC(=O)Nc1ccc(S(=O)(=O)Nc2ccc(CCNC[C@H](O)COc3ccc(O)cc3)cc2)cc1,6.055517327849832,<rdkit.DataStructs.cDataStructs.ExplicitBitVect object at 0x000001E45FFF53F0>
CHEMBL13453,CCCC(=O)Nc1ccc(S(=O)(=O)Nc2ccc(CCNC[C@H](O)COc3ccc(O)cc3)cc2)cc1,6.275724130399211,<rdkit.DataStructs.cDataStructs.ExplicitBitVect object at 0x000001E45FFF5460>
CHEMBL120238,N#CN/C(=N\c1cccc2c1CCN2c1nc(-c2ccc(OC(F)(F)F)cc2)cs1)Nc1ccc(CCNC[C@H](O)c2cccnc2)cc1,5.075720713938118,<rdkit.DataStructs.cDataStructs.ExplicitBitVect object at 0x000001E45FFF54D0>
CHEMBL338748,O=[N+]([O-])/C=C(\Nc1ccc(CCNC[C@H](O)c2cccnc2)cc1)Nc1cccc2ccccc12,5.7447274948966935,<rdkit.DataStructs.cDataStructs.ExplicitBitVect object at 0x000001E45FFF5540>
CHEMBL275291,CC(C)NC(=O)Nc1ccc(S(=O)(=O)Nc2ccc(CCNC[C@H](O)COc3ccc(O)cc3)cc2)cc1,6.823908740944319,<rdkit.DataStructs.cDataStructs.ExplicitBitVect object at 0x000001E45FFF55B0>
CHEMBL274143,CCCCCCNC(=O)N(C)c1ccc(S(=O)(=O)Nc2ccc(CCNC[C@H](O)COc3ccc(O)cc3)cc2)cc1,6.130768280269024,<rdkit.DataStructs.cDataStructs.ExplicitBitVect object at 0x000001E45FFF5620>
CHEMBL268289,CCCCCCC(=O)Nc1ccc(S(=O)(=O)Nc2ccc(CCNC[C@H](O)COc3ccc(O)cc3)cc2)cc1,6.468521082957745,<rdkit.DataStructs.cDataStructs.ExplicitBitVect object at 0x000001E45FFF5690>
CHEMBL332010,N#CN/C(=N\c1ccc(CCNC[C@H](O)c2cccnc2)cc1)Nc1cccc(C(N)=O)c1,6.008773924307505,<rdkit.DataStructs.cDataStructs.ExplicitBitVect object at 0x000001E45FFF5700>
CHEMBL275114,CCCCCCN(C)C(=O)N(C)c1ccc(S(=O)(=O)Nc2ccc(CCNC[C@H](O)COc3ccc(O)cc3)cc2)cc1,6.292429823902063,<rdkit.DataStructs.cDataStructs.ExplicitBitVect object at 0x000001E45FFF5770>
CHEMBL13068,CC(C)C(=O)Nc1ccc(S(=O)(=O)Nc2ccc(CCNC[C@H](O)COc3ccc(O)cc3)cc2)cc1,6.136677139879544,<rdkit.DataStructs.cDataStructs.ExplicitBitVect object at 0x000001E45FFF57E0>
CHEMBL123745,CCCCCCCCc1csc(N2CCc3cc(N/C(=N/c4ccc(CCNC[C@H](O)c5cccnc5)cc4)NC#N)ccc32)n1,7.795880017344075,<rdkit.DataStructs.cDataStructs.ExplicitBitVect object at 0x000001E45FFF5850>
CHEMBL115280,O=C1NCN(c2ccccc2)C12CCN(Cc1cccc(Oc3ccccc3)c1)CC2,5.444905551421681,<rdkit.DataStructs.cDataStructs.ExplicitBitVect object at 0x000001E45FFF58C0>
CHEMBL79806,CCCCCCn1cnn(-c2ccc(S(=O)(=O)Nc3ccc(CCNC[C@H](O)c4cccnc4)cc3)cc2)c1=O,5.070581074285707,<rdkit.DataStructs.cDataStructs.ExplicitBitVect object at 0x000001E45FFF5930>
CHEMBL83698,CCCCCCCCN1C(=O)CN(c2ccc(S(=O)(=O)Nc3ccc(CCNC[C@H](O)c4cccnc4)cc3)cc2)C1=O,5.6020599913279625,<rdkit.DataStructs.cDataStructs.ExplicitBitVect object at 0x000001E45FFF59A0>
CHEMBL79363,CCCCCCCCn1c(C)cn(-c2ccc(S(=O)(=O)Nc3ccc(CCNC[C@H](O)c4cccnc4)cc3)cc2)c1=O,5.698970004336019,<rdkit.DataStructs.cDataStructs.ExplicitBitVect object at 0x000001E45FFF5A10>
CHEMBL66936,CCCCCCCCN1CC(=O)N(c2ccc(S(=O)(=O)Nc3ccc(CCNC[C@H](O)c4cccnc4)cc3)cc2)C1=O,5.301029995663981,<rdkit.DataStructs.cDataStructs.ExplicitBitVect object at 0x000001E45FFF5A80>
CHEMBL84190,CCCCCCCCN1CCN(c2ccc(S(=O)(=O)Nc3ccc(CCNC[C@H](O)c4cccnc4)cc3)cc2)C1=O,6.236572006437063,<rdkit.DataStructs.cDataStructs.ExplicitBitVect object at 0x000001E45FFF5AF0>
CHEMBL83753,CCCCCCCCn1ccn(-c2ccc(S(=O)(=O)Nc3ccc(CCNC[C@H](O)c4cccnc4)cc3)cc2)c1=O,5.259637310505756,<rdkit.DataStructs.cDataStructs.ExplicitBitVect object at 0x000001E45FFF5B60>
CHEMBL82296,CCCCCCN1CCN(c2ccc(S(=O)(=O)Nc3ccc(CCNC[C@H](O)c4cccnc4)cc3)cc2)C1=O,5.301029995663981,<rdkit.DataStructs.cDataStructs.ExplicitBitVect object at 0x000001E45FFF5BD0>
CHEMBL163579,CCCCCCCCn1cnn(-c2ccc(S(=O)(=O)Nc3ccc(CCNC[C@H](O)c4cccnc4)cc3)cc2)c1=O,6.070581074285707,<rdkit.DataStructs.cDataStructs.ExplicitBitVect object at 0x000001E45FFF5C40>
CHEMBL163531,CCCCCCCCn1ncn(-c2ccc(S(=O)(=O)Nc3ccc(CCNC[C@H](O)c4cccnc4)cc3)cc2)c1=O,5.698970004336019,<rdkit.DataStructs.cDataStructs.ExplicitBitVect object at 0x000001E45FFF5CB0>
CHEMBL84117,CCCCCCN1C(=O)CN(c2ccc(S(=O)(=O)Nc3ccc(CCNC[C@H](O)c4cccnc4)cc3)cc2)C1=O,5.154901959985743,<rdkit.DataStructs.cDataStructs.ExplicitBitVect object at 0x000001E45FFF5D20>
CHEMBL312546,CCCCCCn1c(C)cn(-c2ccc(S(=O)(=O)Nc3ccc(CCNC[C@H](O)c4cccnc4)cc3)cc2)c1=O,5.698970004336019,<rdkit.DataStructs.cDataStructs.ExplicitBitVect object at 0x000001E45FFF5D90>
CHEMBL415039,O=S(=O)(Nc1ccc(CCNC[C@H](O)c2cccnc2)cc1)c1ccc(-c2noc(Cc3ccc(C(F)(F)F)cc3)n2)cc1,5.698970004336019,<rdkit.DataStructs.cDataStructs.ExplicitBitVect object at 0x000001E45FFF5E00>
CHEMBL287567,O=S(=O)(Nc1ccc(CCNC[C@H](O)c2cccnc2)cc1)c1ccc(-c2noc(COc3ccc(OC(F)(F)F)cc3)n2)cc1,6.0,<rdkit.DataStructs.cDataStructs.ExplicitBitVect object at 0x000001E45FFF5E70>
CHEMBL28405,O=S(=O)(Nc1ccc(CCNC[C@H](O)c2cccnc2)cc1)c1ccc(-c2nc(Cc3ccc(F)c(F)c3)no2)cc1,5.301029995663981,<rdkit.DataStructs.cDataStructs.ExplicitBitVect object at 0x000001E45FFF5EE0>
CHEMBL287562,O=S(=O)(Nc1ccc(CCNC[C@H](O)c2cccnc2)cc1)c1ccc(-c2noc(COc3ccc4ccccc4c3)n2)cc1,5.6020599913279625,<rdkit.DataStructs.cDataStructs.ExplicitBitVect object at 0x000001E45FFF5F50>
CHEMBL285240,O=S(=O)(Nc1ccc(CCNC[C@H](O)c2cccnc2)cc1)c1ccc(-c2nc(Cc3ccc(F)cc3)no2)cc1,5.096910013008056,<rdkit.DataStructs.cDataStructs.ExplicitBitVect object at 0x000001E45FFF5FC0>
CHEMBL32411,O=S(=O)(Nc1ccc(CCNC[C@H](O)c2cccnc2)cc1)c1ccc(-c2noc(COc3ccc(F)c(F)c3)n2)cc1,5.436518914605589,<rdkit.DataStructs.cDataStructs.ExplicitBitVect object at 0x000001E45FFF6030>
CHEMBL285499,O=S(=O)(Nc1ccc(CCNC[C@H](O)c2cccnc2)cc1)c1ccc(-c2noc(Cc3cc(F)c(F)c(F)c3)n2)cc1,5.522878745280337,<rdkit.DataStructs.cDataStructs.ExplicitBitVect object at 0x000001E45FFF60A0>
CHEMBL286435,O=S(=O)(Nc1ccc(CCNC[C@H](O)c2cccnc2)cc1)c1ccc(-c2noc(COc3ccc(F)cc3)n2)cc1,6.145693958198919,<rdkit.DataStructs.cDataStructs.ExplicitBitVect object at 0x000001E45FFF6110>
CHEMBL288550,O=S(=O)(Nc1ccc(CCNC[C@H](O)c2cccnc2)cc1)c1ccc(-c2nc(COc3ccc(F)cc3)no2)cc1,5.3979400086720375,<rdkit.DataStructs.cDataStructs.ExplicitBitVect object at 0x000001E45FFF6180>
CHEMBL33515,O=S(=O)(Nc1ccc(CCNC[C@H](O)c2cccnc2)cc1)c1ccc(-c2noc(Cc3cccc(OC(F)(F)F)c3)n2)cc1,5.698970004336019,<rdkit.DataStructs.cDataStructs.ExplicitBitVect object at 0x000001E45FFF61F0>
CHEMBL289250,CC(=O)Nc1ccc(Cc2nc(-c3ccc(S(=O)(=O)Nc4ccc(CCNC[C@H](O)c5cccnc5)cc4)cc3)no2)cc1,5.522878745280337,<rdkit.DataStructs.cDataStructs.ExplicitBitVect object at 0x000001E45FFF6260>
CHEMBL286438,O=S(=O)(Nc1ccc(CCNC[C@H](O)c2cccnc2)cc1)c1ccc(-c2noc(Cc3ccc(-c4ccccn4)cc3)n2)cc1,5.6777807052660805,<rdkit.DataStructs.cDataStructs.ExplicitBitVect object at 0x000001E45FFF62D0>
CHEMBL33292,O=S(=O)(Nc1ccc(CCNC[C@H](O)c2cccnc2)cc1)c1ccc(-c2noc(Cc3ccc(OC(F)(F)F)cc3)n2)cc1,5.889410289700751,<rdkit.DataStructs.cDataStructs.ExplicitBitVect object at 0x000001E45FFF6340>
CHEMBL289248,CS(=O)(=O)NC(c1ccc(F)cc1)c1nc(-c2ccc(S(=O)(=O)Nc3ccc(CCNC[C@H](O)c4cccnc4)cc3)cc2)no1,5.154901959985743,<rdkit.DataStructs.cDataStructs.ExplicitBitVect object at 0x000001E45FFF63B0>
CHEMBL286859,O=S(=O)(Nc1ccc(CCNC[C@H](O)c2cccnc2)cc1)c1ccc(-c2noc(Cc3ccc(F)cc3)n2)cc1,5.522878745280337,<rdkit.DataStructs.cDataStructs.ExplicitBitVect object at 0x000001E45FFF6420>
CHEMBL289249,O=C(c1ccc(F)cc1)c1nc(-c2ccc(S(=O)(=O)Nc3ccc(CCNC[C@H](O)c4cccnc4)cc3)cc2)no1,5.614393726401688,<rdkit.DataStructs.cDataStructs.ExplicitBitVect object at 0x000001E45FFF6490>
CHEMBL33155,COC(=O)NC(c1ccc(F)cc1)c1nc(-c2ccc(S(=O)(=O)Nc3ccc(CCNC[C@H](O)c4cccnc4)cc3)cc2)no1,5.585026652029182,<rdkit.DataStructs.cDataStructs.ExplicitBitVect object at 0x000001E45FFF6500>
CHEMBL33384,O=S(=O)(Nc1ccc(CCNC[C@H](O)c2cccnc2)cc1)c1ccc(-c2nc(COc3ccc(F)c(F)c3)no2)cc1,5.455931955649724,<rdkit.DataStructs.cDataStructs.ExplicitBitVect object at 0x000001E45FFF6570>
CHEMBL287561,O=S(=O)(Nc1ccc(CCNC[C@H](O)c2cccnc2)cc1)c1ccc(-c2noc(Cc3cccc(F)c3)n2)cc1,5.301029995663981,<rdkit.DataStructs.cDataStructs.ExplicitBitVect object at 0x000001E45FFF65E0>
CHEMBL32891,NC(c1ccc(F)cc1)c1nc(-c2ccc(S(=O)(=O)Nc3ccc(CCNC[C@H](O)c4cccnc4)cc3)cc2)no1,5.3979400086720375,<rdkit.DataStructs.cDataStructs.ExplicitBitVect object at 0x000001E45FFF6650>
CHEMBL286437,O=S(=O)(Nc1ccc(CCNC[C@H](O)c2cccnc2)cc1)c1ccc(-c2noc(Cc3ccc4ccccc4c3)n2)cc1,6.259637310505756,<rdkit.DataStructs.cDataStructs.ExplicitBitVect object at 0x000001E45FFF66C0>
CHEMBL285001,O=S(=O)(Nc1ccc(CCNC[C@H](O)c2cccnc2)cc1)c1ccc(-c2noc(Cc3ccc(F)c(F)c3)n2)cc1,5.638272163982407,<rdkit.DataStructs.cDataStructs.ExplicitBitVect object at 0x000001E45FFF6730>
CHEMBL34406,COc1ccc(OCc2nc(-c3ccc(S(=O)(=O)Nc4ccc(CCNC[C@H](O)c5cccnc5)cc4)cc3)no2)cc1,5.698970004336019,<rdkit.DataStructs.cDataStructs.ExplicitBitVect object at 0x000001E45FFF67A0>
CHEMBL32418,O=S(=O)(Nc1ccc(CCNC[C@H](O)c2cccnc2)cc1)c1ccc(-c2noc(COc3ccc(C4N=NN=N4)cc3)n2)cc1,5.045757490560675,<rdkit.DataStructs.cDataStructs.ExplicitBitVect object at 0x000001E45FFF6810>
CHEMBL286231,O=S(=O)(Nc1ccc(CCNC[C@H](O)c2cccnc2)cc1)c1ccc(-c2noc(COc3ccccc3O)n2)cc1,5.096910013008056,<rdkit.DataStructs.cDataStructs.ExplicitBitVect object at 0x000001E45FFF6880>
CHEMBL405245,CNC(=O)NC(c1ccc(F)cc1)c1nc(-c2ccc(S(=O)(=O)Nc3ccc(CCNC[C@H](O)c4cccnc4)cc3)cc2)no1,5.346787486224656,<rdkit.DataStructs.cDataStructs.ExplicitBitVect object at 0x000001E45FFF68F0>
CHEMBL285704,CC(=O)Nc1ccc(OCc2nc(-c3ccc(S(=O)(=O)Nc4ccc(CCNC[C@H](O)c5cccnc5)cc4)cc3)no2)cc1,5.698970004336019,<rdkit.DataStructs.cDataStructs.ExplicitBitVect object at 0x000001E45FFF6960>
CHEMBL34441,CS(=O)(=O)Nc1ccc(Cc2nc(-c3ccc(S(=O)(=O)Nc4ccc(CCNC[C@H](O)c5cccnc5)cc4)cc3)no2)cc1,5.698970004336019,<rdkit.DataStructs.cDataStructs.ExplicitBitVect object at 0x000001E45FFF69D0>
CHEMBL163153,CS(=O)(=O)Nc1ccc(CNCC2CN(c3ccccc3)CCN2)cc1,5.522878745280337,<rdkit.DataStructs.cDataStructs.ExplicitBitVect object at 0x000001E45FFF6A40>
CHEMBL350581,CS(=O)(=O)Nc1ccc(OCC2CN(c3ccccc3)CCN2)cc1,5.481486060122113,<rdkit.DataStructs.cDataStructs.ExplicitBitVect object at 0x000001E45FFF6AB0>
CHEMBL312074,CCCCCCNC(=O)Nc1ccc(S(=O)(=O)Nc2ccc(-c3ccc(OCC4NCCc5cc(O)c(O)cc54)cc3)cc2)cc1,5.698970004336019,<rdkit.DataStructs.cDataStructs.ExplicitBitVect object at 0x000001E45FFF6B20>
CHEMBL307647,COc1c(I)cc(CC2NCCc3nc(N)sc32)cc1I,6.107905397309519,<rdkit.DataStructs.cDataStructs.ExplicitBitVect object at 0x000001E45FFF6B90>
CHEMBL9666,COc1ccccc1N1CCNCC1,5.698970004336019,<rdkit.DataStructs.cDataStructs.ExplicitBitVect object at 0x000001E45FFF6C00>
CHEMBL162182,CS(=O)(=O)Nc1ccc(NCC2CN(c3ccccc3)CCN2)cc1,5.638272163982407,<rdkit.DataStructs.cDataStructs.ExplicitBitVect object at 0x000001E45FFF6C70>
CHEMBL350432,CS(=O)(=O)Nc1ccc(C(=O)NCC2CN(c3cccc(Cl)c3)CCN2)cc1,5.958607314841775,<rdkit.DataStructs.cDataStructs.ExplicitBitVect object at 0x000001E45FFF6CE0>
CHEMBL59597,COc1cccc(N2CCNCC2)c1,5.096910013008056,<rdkit.DataStructs.cDataStructs.ExplicitBitVect object at 0x000001E45FFF6D50>
CHEMBL478,Clc1cccc(N2CCNCC2)c1,5.698970004336019,<rdkit.DataStructs.cDataStructs.ExplicitBitVect object at 0x000001E45FFF6DC0>
CHEMBL308860,CCCCCCNC(=O)Nc1ccc(S(=O)(=O)Nc2cccc(-c3ccc(OCC4NCCc5cc(O)c(O)cc54)cc3)c2)cc1,5.187086643357144,<rdkit.DataStructs.cDataStructs.ExplicitBitVect object at 0x000001E45FFF6E30>
CHEMBL67998,CCCCCCNC(=O)Nc1ccc(S(=O)(=O)Nc2ccc3cc(CC4NCCc5cc(O)c(O)cc54)ccc3c2)cc1,6.0,<rdkit.DataStructs.cDataStructs.ExplicitBitVect object at 0x000001E45FFF6EA0>
CHEMBL162200,CN(c1ccc(C(=O)NCC2CN(c3ccccc3)CCN2)cc1)S(C)(=O)=O,5.958607314841775,<rdkit.DataStructs.cDataStructs.ExplicitBitVect object at 0x000001E45FFF6F10>
CHEMBL421871,COc1cc(-c2ccc(CC3NCCc4cc(O)c(O)cc43)cc2)cc(OC)c1OC,5.7447274948966935,<rdkit.DataStructs.cDataStructs.ExplicitBitVect object at 0x000001E45FFF6F80>
CHEMBL163587,COc1cccc(N2CCNC(CNC(=O)c3ccc(NS(C)(=O)=O)cc3)C2)c1,5.769551078621726,<rdkit.DataStructs.cDataStructs.ExplicitBitVect object at 0x000001E45FFF6FF0>
CHEMBL471,CC(C)NCC(O)c1ccc(NS(C)(=O)=O)cc1,5.045757490560675,<rdkit.DataStructs.cDataStructs.ExplicitBitVect object at 0x000001E45FFF7060>
CHEMBL350847,O=C(NCC1CN(c2ccccc2)CCN1)c1ccc(-n2ccnc2)cc1,6.267606240177032,<rdkit.DataStructs.cDataStructs.ExplicitBitVect object at 0x000001E45FFF70D0>
CHEMBL162513,CS(=O)(=O)Nc1ccc(C(=O)NCC2CN(c3ccccc3)CCN2)cc1,6.795880017344075,<rdkit.DataStructs.cDataStructs.ExplicitBitVect object at 0x000001E45FFF7140>
CHEMBL165901,O=C(NCC1CN(c2ccccc2)CCN1)c1ccccc1,6.167491087293763,<rdkit.DataStructs.cDataStructs.ExplicitBitVect object at 0x000001E45FFF71B0>
CHEMBL308126,CCCCCCNC(=O)Nc1ccc(S(=O)(=O)Nc2ccc(OCC3NCCc4cc(O)c(O)cc43)cc2)cc1,6.0,<rdkit.DataStructs.cDataStructs.ExplicitBitVect object at 0x000001E45FFF7220>
CHEMBL349978,COc1ccccc1N1CCNC(CNC(=O)c2ccc(NS(C)(=O)=O)cc2)C1,6.638272163982407,<rdkit.DataStructs.cDataStructs.ExplicitBitVect object at 0x000001E45FFF7290>
CHEMBL74085,CCCCCCNC(=O)Nc1ccc(S(=O)(=O)Nc2ccc(CC3NCCc4cc(O)c(O)cc43)cc2)cc1,5.920818753952375,<rdkit.DataStructs.cDataStructs.ExplicitBitVect object at 0x000001E45FFF7300>
CHEMBL61962,O=S(=O)(Nc1ccc(CCNC[C@H](O)c2cccnc2)cc1)c1ccc(-c2nc(-c3ccc(O)cc3)cs2)cc1,5.958607314841775,<rdkit.DataStructs.cDataStructs.ExplicitBitVect object at 0x000001E45FFF7370>
CHEMBL61429,O=S(=O)(Nc1ccc(CCNC[C@H](O)c2cccnc2)cc1)c1ccc(Cc2nc(Cc3ccc4ccccc4c3)cs2)cc1,5.6020599913279625,<rdkit.DataStructs.cDataStructs.ExplicitBitVect object at 0x000001E45FFF73E0>
CHEMBL82296,CCCCCCN1CCN(c2ccc(S(=O)(=O)Nc3ccc(CCNC[C@H](O)c4cccnc4)cc3)cc2)C1=O,5.301029995663981,<rdkit.DataStructs.cDataStructs.ExplicitBitVect object at 0x000001E45FFF7450>
CHEMBL58798,O=S(=O)(Nc1ccc(CCNC[C@H](O)c2cccnc2)cc1)c1ccc(-c2nc(-c3ccc(F)cc3)cs2)cc1,5.823908740944319,<rdkit.DataStructs.cDataStructs.ExplicitBitVect object at 0x000001E45FFF74C0>
CHEMBL291594,CC(=O)Nc1ccc(-c2csc(-c3ccc(S(=O)(=O)Nc4ccc(CCNC[C@H](O)c5cccnc5)cc4)cc3)n2)cc1,6.017728766960431,<rdkit.DataStructs.cDataStructs.ExplicitBitVect object at 0x000001E45FFF7530>
CHEMBL418308,O=S(=O)(Nc1ccc(CCNC[C@H](O)c2cccnc2)cc1)c1ccc(-c2nc(Cc3ccc4ccccc4c3)cs2)cc1,5.481486060122113,<rdkit.DataStructs.cDataStructs.ExplicitBitVect object at 0x000001E45FFF75A0>
CHEMBL350590,O=C1N(CCC2CCCCC2)CCN1c1ccc(S(=O)(=O)Nc2ccc(CCNC[C@H](O)c3cccnc3)cc2)cc1,5.3979400086720375,<rdkit.DataStructs.cDataStructs.ExplicitBitVect object at 0x000001E45FFF7610>
CHEMBL294172,O=S(=O)(Nc1ccc(CCNC[C@H](O)c2cccnc2)cc1)c1ccc(-c2nc(CCCC3CCCC3)cs2)cc1,5.154901959985743,<rdkit.DataStructs.cDataStructs.ExplicitBitVect object at 0x000001E45FFF7680>
CHEMBL294753,CC(C)(C)c1ccc(-c2csc(-c3ccc(S(=O)(=O)Nc4ccc(CCNC[C@H](O)c5cccnc5)cc4)cc3)n2)cc1,5.795880017344075,<rdkit.DataStructs.cDataStructs.ExplicitBitVect object at 0x000001E45FFF76F0>
CHEMBL165177,O=C1N(CCCC2CCCCC2)CCN1c1ccc(S(=O)(=O)Nc2ccc(CCNC[C@H](O)c3cccnc3)cc2)cc1,6.0,<rdkit.DataStructs.cDataStructs.ExplicitBitVect object at 0x000001E45FFF7760>
CHEMBL60281,CCCCCCCCc1csc(-c2ccc(S(=O)(=O)Nc3ccc(CCNC[C@H](O)c4cccnc4)cc3)cc2)n1,5.431798275933005,<rdkit.DataStructs.cDataStructs.ExplicitBitVect object at 0x000001E45FFF77D0>
CHEMBL291593,CCCCCCCCc1csc(Cc2ccc(S(=O)(=O)Nc3ccc(CCNC[C@H](O)c4cccnc4)cc3)cc2)n1,6.070581074285707,<rdkit.DataStructs.cDataStructs.ExplicitBitVect object at 0x000001E45FFF7840>
CHEMBL83753,CCCCCCCCn1ccn(-c2ccc(S(=O)(=O)Nc3ccc(CCNC[C@H](O)c4cccnc4)cc3)cc2)c1=O,5.259637310505756,<rdkit.DataStructs.cDataStructs.ExplicitBitVect object at 0x000001E45FFF78B0>
CHEMBL59270,O=S(=O)(Nc1ccc(CCNC[C@H](O)c2cccnc2)cc1)c1ccc(-c2nc(CCc3ccccc3)cs2)cc1,5.045757490560675,<rdkit.DataStructs.cDataStructs.ExplicitBitVect object at 0x000001E45FFF7920>
CHEMBL349651,O=c1n(CCCC2CCCC2)ccn1-c1ccc(S(=O)(=O)Nc2ccc(CCNC[C@H](O)c3cccnc3)cc2)cc1,5.275724130399211,<rdkit.DataStructs.cDataStructs.ExplicitBitVect object at 0x000001E45FFF7990>
CHEMBL84190,CCCCCCCCN1CCN(c2ccc(S(=O)(=O)Nc3ccc(CCNC[C@H](O)c4cccnc4)cc3)cc2)C1=O,6.236572006437063,<rdkit.DataStructs.cDataStructs.ExplicitBitVect object at 0x000001E45FFF7A00>
CHEMBL430594,O=S(=O)(Nc1ccc(CCNC[C@H](O)c2cccnc2)cc1)c1ccc(-c2nc(Cc3ccc(F)cc3)cs2)cc1,5.522878745280337,<rdkit.DataStructs.cDataStructs.ExplicitBitVect object at 0x000001E45FFF7A70>
CHEMBL166188,O=C1N(CCCc2ccccc2)CCN1c1ccc(S(=O)(=O)Nc2ccc(CCNC[C@H](O)c3cccnc3)cc2)cc1,5.3979400086720375,<rdkit.DataStructs.cDataStructs.ExplicitBitVect object at 0x000001E45FFF7AE0>
CHEMBL350931,O=C1N(Cc2ccc(F)c(F)c2)CCN1c1ccc(S(=O)(=O)Nc2ccc(CCNC[C@H](O)c3cccnc3)cc2)cc1,5.301029995663981,<rdkit.DataStructs.cDataStructs.ExplicitBitVect object at 0x000001E45FFF7B50>
CHEMBL22317,O=C1N(CCCC2CCCC2)CCN1c1ccc(S(=O)(=O)Nc2ccc(CCNC[C@H](O)c3cccnc3)cc2)cc1,5.619788758288394,<rdkit.DataStructs.cDataStructs.ExplicitBitVect object at 0x000001E45FFF7BC0>
CHEMBL165513,CCCCCCCN1CCN(c2ccc(S(=O)(=O)Nc3ccc(CCNC[C@H](O)c4cccnc4)cc3)cc2)C1=O,5.522878745280337,<rdkit.DataStructs.cDataStructs.ExplicitBitVect object at 0x000001E45FFF7C30>
CHEMBL294492,O=S(=O)(Nc1ccc(CCNC[C@H](O)c2cccnc2)cc1)c1ccc(-c2nc(-c3cccnc3)cs2)cc1,5.154901959985743,<rdkit.DataStructs.cDataStructs.ExplicitBitVect object at 0x000001E45FFF7CA0>
CHEMBL293994,O=S(=O)(Nc1ccc(CCNC[C@H](O)c2cccnc2)cc1)c1ccc(-c2nc(-c3ccc(F)c(F)c3)cs2)cc1,5.769551078621726,<rdkit.DataStructs.cDataStructs.ExplicitBitVect object at 0x000001E45FFF7D10>
CHEMBL433248,O=S(=O)(Nc1ccc(CCNC[C@H](O)c2cccnc2)cc1)c1ccc(-c2nc(-c3ccccn3)cs2)cc1,5.187086643357144,<rdkit.DataStructs.cDataStructs.ExplicitBitVect object at 0x000001E45FFF7D80>
CHEMBL292598,O=S(=O)(Nc1ccc(CCNC[C@H](O)c2cccnc2)cc1)c1ccc(-c2nc(-c3ccc4ncccc4c3)cs2)cc1,5.221848749616356,<rdkit.DataStructs.cDataStructs.ExplicitBitVect object at 0x000001E45FFF7DF0>
CHEMBL351596,CCCCC(C)(C)CN1CCN(c2ccc(S(=O)(=O)Nc3ccc(CCNC[C@H](O)c4cccnc4)cc3)cc2)C1=O,5.070581074285707,<rdkit.DataStructs.cDataStructs.ExplicitBitVect object at 0x000001E45FFF7E60>
CHEMBL162043,O=C1N(CCCc2ccc(Cl)cc2)CCN1c1ccc(S(=O)(=O)Nc2ccc(CCNC[C@H](O)c3cccnc3)cc2)cc1,5.698970004336019,<rdkit.DataStructs.cDataStructs.ExplicitBitVect object at 0x000001E45FFF7ED0>
CHEMBL331744,O=S(=O)(Nc1ccc(CCNC[C@H](O)c2cccnc2)cc1)c1ccc(-c2nc(-c3ccc(OC(F)(F)F)cc3)cs2)cc1,5.075720713938118,<rdkit.DataStructs.cDataStructs.ExplicitBitVect object at 0x000001E45FFF7F40>
CHEMBL111201,O=S(=O)(Nc1ccc(CCNC[C@H](O)c2cccnc2)cc1)c1ccc(-c2nc(-c3ccc(C(F)(F)F)cc3)cs2)cc1,5.638272163982407,<rdkit.DataStructs.cDataStructs.ExplicitBitVect object at 0x000001E45FFF8040>
CHEMBL293994,O=S(=O)(Nc1ccc(CCNC[C@H](O)c2cccnc2)cc1)c1ccc(-c2nc(-c3ccc(F)c(F)c3)cs2)cc1,5.769551078621726,<rdkit.DataStructs.cDataStructs.ExplicitBitVect object at 0x000001E45FFF80B0>
CHEMBL338794,O=S(=O)(Nc1ccc(CCNC[C@H](O)c2cccnc2)cc1)c1ccc(-c2nc(-c3cccc(C(F)(F)F)c3)cs2)cc1,5.7447274948966935,<rdkit.DataStructs.cDataStructs.ExplicitBitVect object at 0x000001E45FFF8120>
CHEMBL333417,O=S(=O)(Nc1ccc(CCNC[C@H](O)c2cccnc2)cc1)c1ccc(-c2nc(-c3ccccc3C(F)(F)F)cs2)cc1,5.721246399047171,<rdkit.DataStructs.cDataStructs.ExplicitBitVect object at 0x000001E45FFF8190>
CHEMBL338976,O=S(=O)(Nc1ccc(CCNC[C@H](O)c2cccnc2)cc1)c1ccc(-c2nc(-c3ccc(F)cc3F)cs2)cc1,5.6020599913279625,<rdkit.DataStructs.cDataStructs.ExplicitBitVect object at 0x000001E45FFF8200>
CHEMBL125963,O=S(=O)(Nc1ccc(CCNC[C@H](O)c2cccnc2)cc1)c1ccc(-c2nc(-c3cccc(F)c3F)cs2)cc1,5.585026652029182,<rdkit.DataStructs.cDataStructs.ExplicitBitVect object at 0x000001E45FFF8270>
CHEMBL338216,O=S(=O)(Nc1ccc(CCNC[C@H](O)c2cccnc2)cc1)c1ccc(-c2nc(-c3cc(F)c(F)c(F)c3)cs2)cc1,5.698970004336019,<rdkit.DataStructs.cDataStructs.ExplicitBitVect object at 0x000001E45FFF82E0>
CHEMBL24,CC(C)NCC(O)COc1ccc(CC(N)=O)cc1,8.752026733638193,<rdkit.DataStructs.cDataStructs.ExplicitBitVect object at 0x000001E45FFF8350>
CHEMBL198949,CC(=O)Nc1cc(Cl)ccc1/C=C/C(=O)N1CCN(Cc2ccc(F)cc2)C[C@H]1C,6.0,<rdkit.DataStructs.cDataStructs.ExplicitBitVect object at 0x000001E45FFF83C0>
CHEMBL461571,Cc1c(C(=O)c2ccc(Cl)cc2)c2ccc(OC(F)(F)F)cc2n1Cc1cccc(O[C@H](C)C(=O)O)c1,5.39040559077478,<rdkit.DataStructs.cDataStructs.ExplicitBitVect object at 0x000001E45FFF8430>
CHEMBL24,CC(C)NCC(O)COc1ccc(CC(N)=O)cc1,6.221848749616356,<rdkit.DataStructs.cDataStructs.ExplicitBitVect object at 0x000001E45FFF84A0>
CHEMBL24,CC(C)NCC(O)COc1ccc(CC(N)=O)cc1,5.7594507517174005,<rdkit.DataStructs.cDataStructs.ExplicitBitVect object at 0x000001E45FFF8510>
CHEMBL584554,CCN(CC)C(=O)[C@@H]1C=C2c3cccc4[nH]cc(c34)C[C@H]2N(C(=O)Nc2ccccc2)C1,5.239577516576788,<rdkit.DataStructs.cDataStructs.ExplicitBitVect object at 0x000001E45FFF8580>
CHEMBL111201,O=S(=O)(Nc1ccc(CCNC[C@H](O)c2cccnc2)cc1)c1ccc(-c2nc(-c3ccc(C(F)(F)F)cc3)cs2)cc1,5.638272163982407,<rdkit.DataStructs.cDataStructs.ExplicitBitVect object at 0x000001E45FFF85F0>
CHEMBL1085898,O=C(Cc1ccccc1)Nc1ccc(CCNC[C@H](O)c2cccnc2)cc1,5.522878745280337,<rdkit.DataStructs.cDataStructs.ExplicitBitVect object at 0x000001E45FFF8660>
CHEMBL1084667,O=C(Cc1n[nH]c2ccccc12)Nc1ccc(CCNC[C@H](O)c2cccnc2)cc1,5.017728766960431,<rdkit.DataStructs.cDataStructs.ExplicitBitVect object at 0x000001E45FFF86D0>
CHEMBL1089386,O=C(Cn1cc2ccccc2n1)Nc1ccc(CCNC[C@H](O)c2cccnc2)cc1,5.508638306165727,<rdkit.DataStructs.cDataStructs.ExplicitBitVect object at 0x000001E45FFF8740>
CHEMBL1089387,O=C(Cn1nc2ccccc2n1)Nc1ccc(CCNC[C@H](O)c2cccnc2)cc1,5.119186407719209,<rdkit.DataStructs.cDataStructs.ExplicitBitVect object at 0x000001E45FFF87B0>
CHEMBL1089725,O=C(Cc1nc2ccccc2o1)Nc1ccc(CCNC[C@H](O)c2cccnc2)cc1,6.221848749616356,<rdkit.DataStructs.cDataStructs.ExplicitBitVect object at 0x000001E45FFF8820>
CHEMBL1090425,Nc1nc(CC(=O)Nc2ccc(CCNC[C@H](O)c3cccnc3)cc2)cs1,5.080921907623926,<rdkit.DataStructs.cDataStructs.ExplicitBitVect object at 0x000001E45FFF8890>
CHEMBL1090746,O=C(Cc1csc(-c2ccccc2)n1)Nc1ccc(CCNC[C@H](O)c2cccnc2)cc1,5.823908740944319,<rdkit.DataStructs.cDataStructs.ExplicitBitVect object at 0x000001E45FFF8900>
CHEMBL1084137,O=C(Cc1nc(-c2ccccc2)cs1)Nc1ccc(CCNC[C@H](O)c2cccnc2)cc1,5.958607314841775,<rdkit.DataStructs.cDataStructs.ExplicitBitVect object at 0x000001E45FFF8970>
CHEMBL1085444,O=C(CN1CC(c2ccccc2)CC1=O)Nc1ccc(CCNC[C@H](O)c2cccnc2)cc1,5.853871964321762,<rdkit.DataStructs.cDataStructs.ExplicitBitVect object at 0x000001E45FFF89E0>
CHEMBL1077238,O=C(Cn1cnc2ccccc2c1=O)Nc1ccc(CCNC[C@H](O)c2cccnc2)cc1,5.468521082957745,<rdkit.DataStructs.cDataStructs.ExplicitBitVect object at 0x000001E45FFF8A50>
CHEMBL1084144,O=C(Cn1c(=O)ncc2ccccc21)Nc1ccc(CCNC[C@H](O)c2cccnc2)cc1,5.522878745280337,<rdkit.DataStructs.cDataStructs.ExplicitBitVect object at 0x000001E45FFF8AC0>
CHEMBL1084145,Cc1sc2ncn(CC(=O)Nc3ccc(CCNC[C@H](O)c4cccnc4)cc3)c(=O)c2c1C,5.443697499232712,<rdkit.DataStructs.cDataStructs.ExplicitBitVect object at 0x000001E45FFF8B30>
CHEMBL1085693,O=C(Nc1ccc(CCNC[C@H](O)c2cccnc2)cc1)c1nc2ccccc2[nH]1,5.0655015487564325,<rdkit.DataStructs.cDataStructs.ExplicitBitVect object at 0x000001E45FFF8BA0>
CHEMBL1085928,O=C(Nc1ccc(CCNC[C@H](O)c2cccnc2)cc1)OCc1nc2ccccc2[nH]1,6.075720713938118,<rdkit.DataStructs.cDataStructs.ExplicitBitVect object at 0x000001E45FFF8C10>
CHEMBL1089052,CNc1nc(CC(=O)Nc2ccc(CCNC[C@H](O)c3cccnc3)cc2)cs1,6.154901959985743,<rdkit.DataStructs.cDataStructs.ExplicitBitVect object at 0x000001E45FFF8C80>
CHEMBL1089396,O=C(Nc1ccc(CCNC[C@H](O)c2cccnc2)cc1)c1cccc(-c2ccccc2)c1,5.309803919971486,<rdkit.DataStructs.cDataStructs.ExplicitBitVect object at 0x000001E45FFF8CF0>
CHEMBL1089734,O=C(Nc1ccc(CCNC[C@H](O)c2cccnc2)cc1)c1ccc(-c2ccccc2)cc1,5.721246399047171,<rdkit.DataStructs.cDataStructs.ExplicitBitVect object at 0x000001E45FFF8D60>
CHEMBL1083831,O=C(Nc1ccc(CCNC[C@H](O)c2cccnc2)cc1)c1ccccc1-c1nc2ccccc2s1,5.301029995663981,<rdkit.DataStructs.cDataStructs.ExplicitBitVect object at 0x000001E45FFF8DD0>
CHEMBL1083832,O=C(Nc1ccc(CCNC[C@H](O)c2cccnc2)cc1)c1ccccc1C1CCCCC1,5.221848749616356,<rdkit.DataStructs.cDataStructs.ExplicitBitVect object at 0x000001E45FFF8E40>
CHEMBL1078465,O=C(Nc1ccc(CCNC[C@H](O)c2cccnc2)cc1)c1ccccc1CCc1ccccc1,5.619788758288394,<rdkit.DataStructs.cDataStructs.ExplicitBitVect object at 0x000001E45FFF8EB0>
CHEMBL1078575,O=C(Nc1ccc(CCNC[C@H](O)c2cccnc2)cc1)c1ccccc1-c1nc2ccccc2[nH]1,5.769551078621726,<rdkit.DataStructs.cDataStructs.ExplicitBitVect object at 0x000001E45FFF8F20>
CHEMBL1078495,O=C(Nc1ccc(CCNC[C@H](O)c2cccnc2)cc1)c1ccccc1COc1ccccc1,5.008773924307505,<rdkit.DataStructs.cDataStructs.ExplicitBitVect object at 0x000001E45FFF8F90>
CHEMBL1078576,O=C(Nc1ccc(CCNC[C@H](O)c2cccnc2)cc1)c1cccc(-c2ncc[nH]2)c1,5.3872161432802645,<rdkit.DataStructs.cDataStructs.ExplicitBitVect object at 0x000001E45FFF9000>
CHEMBL1078749,O=C(Nc1ccc(CCNC[C@H](O)c2cccnc2)cc1)c1cccc(CCc2ccccc2)c1,5.3979400086720375,<rdkit.DataStructs.cDataStructs.ExplicitBitVect object at 0x000001E45FFF9070>
CHEMBL1078695,O=C(Nc1ccc(CCNC[C@H](O)c2cccnc2)cc1)c1ccc(CCc2ccccc2)cc1,5.721246399047171,<rdkit.DataStructs.cDataStructs.ExplicitBitVect object at 0x000001E45FFF90E0>
CHEMBL1214998,c1cc2c(N3CCNCC3)nc(-c3ccnc(NC4CCCCC4)c3)cc2cn1,5.628747370875061,<rdkit.DataStructs.cDataStructs.ExplicitBitVect object at 0x000001E45FFF9150>
CHEMBL1214999,NC(=O)c1cc(-c2ccnc(NC3CCCCC3)c2)nc(N2CCNCC2)c1,5.080921907623926,<rdkit.DataStructs.cDataStructs.ExplicitBitVect object at 0x000001E45FFF91C0>
CHEMBL1278088,Nn1c(CCCCN2CCN(c3ccc4ccccc4n3)CC2)nc2c(c1=O)CCCC2,6.0,<rdkit.DataStructs.cDataStructs.ExplicitBitVect object at 0x000001E45FFF9230>
CHEMBL24,CC(C)NCC(O)COc1ccc(CC(N)=O)cc1,5.785156151952302,<rdkit.DataStructs.cDataStructs.ExplicitBitVect object at 0x000001E45FFF92A0>
CHEMBL1807874,CN(CCOCCCNC[C@H](O)c1ccc(O)c2[nH]c(=O)sc12)CCc1ccccc1,6.399996913372259,<rdkit.DataStructs.cDataStructs.ExplicitBitVect object at 0x000001E45FFF9310>
CHEMBL1807873,O=c1[nH]c2c(O)ccc([C@@H](O)CNCCCOCCNCCc3cccc(Cl)c3Cl)c2s1,7.299988937677887,<rdkit.DataStructs.cDataStructs.ExplicitBitVect object at 0x000001E45FFF9380>
CHEMBL1807872,O=c1[nH]c2c(O)ccc([C@@H](O)CNCCCOCCNCCc3cccc(Cl)c3)c2s1,7.199970640755866,<rdkit.DataStructs.cDataStructs.ExplicitBitVect object at 0x000001E45FFF93F0>
CHEMBL1807871,O=c1[nH]c2c(O)ccc([C@@H](O)CNCCCSCCNCCc3cccc(Cl)c3Cl)c2s1,7.100015437450609,<rdkit.DataStructs.cDataStructs.ExplicitBitVect object at 0x000001E45FFF9460>
CHEMBL1807870,O=c1[nH]c2c(O)ccc([C@@H](O)CNCCCSCCNCCc3ccccc3Cl)c2s1,7.400007822415902,<rdkit.DataStructs.cDataStructs.ExplicitBitVect object at 0x000001E45FFF94D0>
CHEMBL1807869,O=c1[nH]c2c(O)ccc([C@@H](O)CNCCCSCCNCCc3cccc(Cl)c3)c2s1,6.900008766455316,<rdkit.DataStructs.cDataStructs.ExplicitBitVect object at 0x000001E45FFF9540>
CHEMBL1807832,O=c1[nH]c2c(O)ccc([C@@H](O)CNCCOCCCNCCc3cccc(Cl)c3)c2s1,7.0,<rdkit.DataStructs.cDataStructs.ExplicitBitVect object at 0x000001E45FFF95B0>
CHEMBL1807831,O=c1[nH]c2c(O)ccc([C@@H](O)CNCCS(=O)(=O)CCCNCCc3cccc(Cl)c3)c2s1,6.0999990348465305,<rdkit.DataStructs.cDataStructs.ExplicitBitVect object at 0x000001E45FFF9620>
CHEMBL1807830,O=c1[nH]c2c(O)ccc([C@@H](O)CNCC[S+]([O-])CCCNCCc3cccc(Cl)c3)c2s1,6.799998134593398,<rdkit.DataStructs.cDataStructs.ExplicitBitVect object at 0x000001E45FFF9690>
CHEMBL1807829,O=c1[nH]c2c(O)ccc([C@@H](O)CNCCSCCCNCCc3cccc(Cl)c3Cl)c2s1,7.100015437450609,<rdkit.DataStructs.cDataStructs.ExplicitBitVect object at 0x000001E45FFF9700>
CHEMBL1807828,O=c1[nH]c2c(O)ccc([C@@H](O)CNCCSCCCNCCc3ccccc3Cl)c2s1,6.900008766455316,<rdkit.DataStructs.cDataStructs.ExplicitBitVect object at 0x000001E45FFF9770>
CHEMBL1807827,O=c1[nH]c2c(O)ccc([C@@H](O)CNCCSCCCNCCc3cccc(Cl)c3)c2s1,6.799998134593398,<rdkit.DataStructs.cDataStructs.ExplicitBitVect object at 0x000001E45FFF97E0>
CHEMBL1807826,O=c1[nH]c2c(O)ccc([C@@H](O)CNCCSCCCNCCc3cccc(C(F)(F)F)c3)c2s1,7.0,<rdkit.DataStructs.cDataStructs.ExplicitBitVect object at 0x000001E45FFF9850>
CHEMBL1807825,CCOc1ccc(CCNCCCSCCNC[C@H](O)c2ccc(O)c3[nH]c(=O)sc23)cc1,6.900008766455316,<rdkit.DataStructs.cDataStructs.ExplicitBitVect object at 0x000001E45FFF98C0>
CHEMBL1807824,CCc1ccc(CCNCCCSCCNC[C@H](O)c2ccc(O)c3[nH]c(=O)sc23)cc1,7.299988937677887,<rdkit.DataStructs.cDataStructs.ExplicitBitVect object at 0x000001E45FFF9930>
CHEMBL1807823,O=c1[nH]c2c(O)ccc([C@@H](O)CNCCSCCCNCCc3ccccc3)c2s1,6.599997654072044,<rdkit.DataStructs.cDataStructs.ExplicitBitVect object at 0x000001E45FFF99A0>
CHEMBL1807822,O=c1[nH]c2c(O)ccc([C@@H](O)CNCCCOCCOCCc3cccc4ccccc34)c2s1,8.500038134403809,<rdkit.DataStructs.cDataStructs.ExplicitBitVect object at 0x000001E45FFF9A10>
CHEMBL1807821,O=c1[nH]c2c(O)ccc([C@@H](O)CNCCCOCCOCCc3ccccc3)c2s1,8.500038134403809,<rdkit.DataStructs.cDataStructs.ExplicitBitVect object at 0x000001E45FFF9A80>
CHEMBL1807820,O=c1[nH]c2c(O)ccc([C@@H](O)CNCCCSCCOCCc3cccc4ccccc34)c2s1,8.100015437450608,<rdkit.DataStructs.cDataStructs.ExplicitBitVect object at 0x000001E45FFF9AF0>
CHEMBL1807819,O=c1[nH]c2c(O)ccc([C@@H](O)CNCCCSCCCOCCc3ccccc3)c2s1,8.400007822415901,<rdkit.DataStructs.cDataStructs.ExplicitBitVect object at 0x000001E45FFF9B60>
CHEMBL1807818,O=c1[nH]c2c(O)ccc([C@@H](O)CNCCCSCCOCCc3ccccc3)c2s1,8.100015437450608,<rdkit.DataStructs.cDataStructs.ExplicitBitVect object at 0x000001E45FFF9BD0>
CHEMBL1807817,O=c1[nH]c2c(O)ccc([C@@H](O)CNCCSCCCOCCc3ccccc3)c2s1,8.100015437450608,<rdkit.DataStructs.cDataStructs.ExplicitBitVect object at 0x000001E45FFF9C40>
CHEMBL1346,NC(=O)C(c1ccccc1)(c1ccccc1)[C@@H]1CCN(CCc2ccc3c(c2)CCO3)C1,6.499996931948306,<rdkit.DataStructs.cDataStructs.ExplicitBitVect object at 0x000001E45FFF9CB0>
CHEMBL1263,OCc1cc(C(O)CNCCCCCCOCCCCc2ccccc2)ccc1O,6.299997602857746,<rdkit.DataStructs.cDataStructs.ExplicitBitVect object at 0x000001E45FFF9D20>
CHEMBL1256786,COc1ccc(CC(C)NCC(O)c2ccc(O)c(NC=O)c2)cc1,6.199998172182031,<rdkit.DataStructs.cDataStructs.ExplicitBitVect object at 0x000001E45FFF9D90>
CHEMBL24,CC(C)NCC(O)COc1ccc(CC(N)=O)cc1,5.881735273910521,<rdkit.DataStructs.cDataStructs.ExplicitBitVect object at 0x000001E45FFF9E00>
CHEMBL493,CC(C)C[C@H]1C(=O)N2CCC[C@H]2[C@]2(O)O[C@](NC(=O)[C@@H]3C=C4c5cccc6[nH]c(Br)c(c56)C[C@H]4N(C)C3)(C(C)C)C(=O)N12,5.619788758288394,<rdkit.DataStructs.cDataStructs.ExplicitBitVect object at 0x000001E45FFF9E70>
CHEMBL357995,Cc1cc2c(OCC(CNC(C)(C)C)OC(=O)c3ccccc3)cccc2[nH]1,7.327902142064283,<rdkit.DataStructs.cDataStructs.ExplicitBitVect object at 0x000001E45FFF9EE0>
CHEMBL117405,CC(C)NC[C@H](O)COc1cccc2[nH]ccc12,9.123782159408357,<rdkit.DataStructs.cDataStructs.ExplicitBitVect object at 0x000001E45FFF9F50>
CHEMBL642,CCCC(=O)Nc1ccc(OCC(O)CNC(C)C)c(C(C)=O)c1,6.13608262304214,<rdkit.DataStructs.cDataStructs.ExplicitBitVect object at 0x000001E45FFF9FC0>
CHEMBL768,COC(=O)CCc1ccc(OCC(O)CNC(C)C)cc1,6.705533773838407,<rdkit.DataStructs.cDataStructs.ExplicitBitVect object at 0x000001E45FFFA030>
CHEMBL442,CN1C[C@H](C(=O)N[C@]2(C)O[C@@]3(O)[C@@H]4CCCN4C(=O)[C@H](Cc4ccccc4)N3C2=O)C=C2c3cccc4[nH]cc(c34)C[C@H]21,5.382789905442566,<rdkit.DataStructs.cDataStructs.ExplicitBitVect object at 0x000001E45FFFA0A0>
CHEMBL49080,CC(C)(C)NCC(O)c1cc(Cl)c(N)c(Cl)c1,6.920818753952375,<rdkit.DataStructs.cDataStructs.ExplicitBitVect object at 0x000001E45FFFA110>
CHEMBL1902627,CC(C)NCC(O)c1ccccc1Cl,5.586365002801444,<rdkit.DataStructs.cDataStructs.ExplicitBitVect object at 0x000001E45FFFA180>
CHEMBL926,CC(CCc1ccc(O)cc1)NCCc1ccc(O)c(O)c1,5.711303739409744,<rdkit.DataStructs.cDataStructs.ExplicitBitVect object at 0x000001E45FFFA1F0>
CHEMBL723,COc1ccccc1OCCNCC(O)COc1cccc2[nH]c3ccccc3c12,9.749579997691106,<rdkit.DataStructs.cDataStructs.ExplicitBitVect object at 0x000001E45FFFA260>
CHEMBL275742,CC(C)NC[C@@H](O)COc1cccc2ccccc12,6.431798275933005,<rdkit.DataStructs.cDataStructs.ExplicitBitVect object at 0x000001E45FFFA2D0>
CHEMBL500,CC(C)NCC(O)COc1cccc2[nH]ccc12,9.03574036980315,<rdkit.DataStructs.cDataStructs.ExplicitBitVect object at 0x000001E45FFFA340>
CHEMBL631,CCCNCC(O)COc1ccccc1C(=O)CCc1ccccc1,6.450996737974212,<rdkit.DataStructs.cDataStructs.ExplicitBitVect object at 0x000001E45FFFA3B0>
CHEMBL27,CC(C)NCC(O)COc1cccc2ccccc12,8.59465363982429,<rdkit.DataStructs.cDataStructs.ExplicitBitVect object at 0x000001E45FFFA420>
CHEMBL1201237,CC(C)(C)NC[C@H](O)COc1cccc2c1CCCC2=O,8.161150909262744,<rdkit.DataStructs.cDataStructs.ExplicitBitVect object at 0x000001E45FFFA490>
CHEMBL13,COCCc1ccc(OCC(O)CNC(C)C)cc1,6.7544873321858505,<rdkit.DataStructs.cDataStructs.ExplicitBitVect object at 0x000001E45FFFA500>
CHEMBL157138,CCN(CC)C(=O)N[C@H]1C=C2c3cccc4[nH]cc(c34)C[C@H]2N(C)C1,6.252588192113577,<rdkit.DataStructs.cDataStructs.ExplicitBitVect object at 0x000001E45FFFA570>
CHEMBL429,CC(CCc1ccccc1)NCC(O)c1ccc(O)c(C(N)=O)c1,8.0,<rdkit.DataStructs.cDataStructs.ExplicitBitVect object at 0x000001E45FFFA5E0>
CHEMBL434,CC(C)NCC(O)c1ccc(O)c(O)c1,6.47755576649368,<rdkit.DataStructs.cDataStructs.ExplicitBitVect object at 0x000001E45FFFA650>
CHEMBL471,CC(C)NCC(O)c1ccc(NS(C)(=O)=O)cc1,5.840613299038245,<rdkit.DataStructs.cDataStructs.ExplicitBitVect object at 0x000001E45FFFA6C0>
CHEMBL452861,CC(C)NC[C@H](O)COc1cccc2ccccc12,8.719421629631924,<rdkit.DataStructs.cDataStructs.ExplicitBitVect object at 0x000001E45FFFA730>
CHEMBL499,CC(C)(C)NC[C@H](O)COc1nsnc1N1CCOCC1,8.584525831890764,<rdkit.DataStructs.cDataStructs.ExplicitBitVect object at 0x000001E45FFFA7A0>
CHEMBL1947157,O=c1[nH]c2c(O)ccc([C@@H](O)CNCCc3cccc(CNCCc4c(Cl)cccc4Cl)c3)c2s1,7.899974269892137,<rdkit.DataStructs.cDataStructs.ExplicitBitVect object at 0x000001E45FFFA810>
CHEMBL1944689,O=c1[nH]c2c(O)ccc([C@@H](O)CNCCc3ccc(CNCCc4c(Cl)cccc4Cl)cc3)c2s1,6.399996913372259,<rdkit.DataStructs.cDataStructs.ExplicitBitVect object at 0x000001E45FFFA880>
CHEMBL1944690,O=c1[nH]c2c(O)ccc([C@@H](O)CNCCc3cccc(CNCCc4ccccc4Cl)c3)c2s1,6.799998134593398,<rdkit.DataStructs.cDataStructs.ExplicitBitVect object at 0x000001E45FFFA8F0>
CHEMBL1944691,O=c1[nH]c2c(O)ccc([C@@H](O)CNCCc3cccc(CNCCc4ccccc4F)c3)c2s1,7.199970640755866,<rdkit.DataStructs.cDataStructs.ExplicitBitVect object at 0x000001E45FFFA960>
CHEMBL1944692,O=c1[nH]c2c(O)ccc([C@@H](O)CNCCc3ccc(CNCCc4ccccc4F)cc3)c2s1,6.399996913372259,<rdkit.DataStructs.cDataStructs.ExplicitBitVect object at 0x000001E45FFFA9D0>
CHEMBL1944693,COc1ccccc1CCNCc1cccc(CCNC[C@H](O)c2ccc(O)c3[nH]c(=O)sc23)c1,6.599997654072044,<rdkit.DataStructs.cDataStructs.ExplicitBitVect object at 0x000001E45FFFAA40>
CHEMBL1944694,COc1ccccc1CCNCc1ccc(CCNC[C@H](O)c2ccc(O)c3[nH]c(=O)sc23)cc1,6.499996931948306,<rdkit.DataStructs.cDataStructs.ExplicitBitVect object at 0x000001E45FFFAAB0>
CHEMBL1944695,O=c1[nH]c2c(O)ccc([C@@H](O)CNCCc3ccc(CNCCc4ccccc4)cc3)c2s1,6.399996913372259,<rdkit.DataStructs.cDataStructs.ExplicitBitVect object at 0x000001E45FFFAB20>
CHEMBL1945031,Cc1cccc2c(CCNCc3cccc(CCNC[C@H](O)c4ccc(O)c5[nH]c(=O)sc45)c3)c[nH]c12,7.100015437450609,<rdkit.DataStructs.cDataStructs.ExplicitBitVect object at 0x000001E45FFFAB90>
CHEMBL1945032,Cc1cccc2c(CCNCc3ccc(CCNC[C@H](O)c4ccc(O)c5[nH]c(=O)sc45)cc3)c[nH]c12,6.499996931948306,<rdkit.DataStructs.cDataStructs.ExplicitBitVect object at 0x000001E45FFFAC00>
CHEMBL1945033,O=c1[nH]c2c(O)ccc([C@@H](O)CNCCc3cccc(CNCCc4ccccn4)c3)c2s1,6.799998134593398,<rdkit.DataStructs.cDataStructs.ExplicitBitVect object at 0x000001E45FFFAC70>
CHEMBL1945034,O=c1[nH]c2c(O)ccc([C@@H](O)CNCCc3ccc(CNCCc4ccccn4)cc3)c2s1,6.0999990348465305,<rdkit.DataStructs.cDataStructs.ExplicitBitVect object at 0x000001E45FFFACE0>
CHEMBL1945035,O=c1[nH]c2c(O)ccc([C@@H](O)CNCCc3ccccc3CNCCc3ccccc3F)c2s1,8.700057099977233,<rdkit.DataStructs.cDataStructs.ExplicitBitVect object at 0x000001E45FFFAD50>
CHEMBL1945036,CC(CNCc1ccc(CCNC[C@H](O)c2ccc(O)c3[nH]c(=O)sc23)cc1)c1ccccc1,6.299997602857746,<rdkit.DataStructs.cDataStructs.ExplicitBitVect object at 0x000001E45FFFADC0>
CHEMBL1945037,O=c1[nH]c2c(O)ccc([C@@H](O)CNCCc3cccc(CNCCCc4ccccc4)c3)c2s1,7.700057099977233,<rdkit.DataStructs.cDataStructs.ExplicitBitVect object at 0x000001E45FFFAE30>
CHEMBL1945038,O=c1[nH]c2c(O)ccc([C@@H](O)CNCCc3cccc(CNCCCc4ccccn4)c3)c2s1,7.199970640755866,<rdkit.DataStructs.cDataStructs.ExplicitBitVect object at 0x000001E45FFFAEA0>
CHEMBL1945039,COc1ccccc1CNCc1cccc(CCNC[C@H](O)c2ccc(O)c3[nH]c(=O)sc23)c1,7.299988937677887,<rdkit.DataStructs.cDataStructs.ExplicitBitVect object at 0x000001E45FFFAF10>
CHEMBL1945040,COc1ccccc1CNCc1ccc(CCNC[C@H](O)c2ccc(O)c3[nH]c(=O)sc23)cc1,5.899998417198648,<rdkit.DataStructs.cDataStructs.ExplicitBitVect object at 0x000001E45FFFAF80>
CHEMBL1945041,O=c1[nH]c2c(O)ccc([C@@H](O)CNCCc3cccc(CNCc4ccccc4Cl)c3)c2s1,8.0,<rdkit.DataStructs.cDataStructs.ExplicitBitVect object at 0x000001E45FFFAFF0>
CHEMBL1945042,O=c1[nH]c2c(O)ccc([C@@H](O)CNCCc3cccc(CNCc4ccccc4F)c3)c2s1,8.199970640755867,<rdkit.DataStructs.cDataStructs.ExplicitBitVect object at 0x000001E45FFFB060>
CHEMBL1945043,O=c1[nH]c2c(O)ccc([C@@H](O)CNCCc3cccc(CNCc4ccccn4)c3)c2s1,7.100015437450609,<rdkit.DataStructs.cDataStructs.ExplicitBitVect object at 0x000001E45FFFB0D0>
CHEMBL1945044,COc1cccc(CNCc2cccc(CCNC[C@H](O)c3ccc(O)c4[nH]c(=O)sc34)c2)c1,7.199970640755866,<rdkit.DataStructs.cDataStructs.ExplicitBitVect object at 0x000001E45FFFB140>
CHEMBL1945289,COc1ccc(CNCc2cccc(CCNC[C@H](O)c3ccc(O)c4[nH]c(=O)sc34)c2)cc1,8.0,<rdkit.DataStructs.cDataStructs.ExplicitBitVect object at 0x000001E45FFFB1B0>
CHEMBL1945290,CCOc1ccccc1CNCc1cccc(CCNC[C@H](O)c2ccc(O)c3[nH]c(=O)sc23)c1,7.0,<rdkit.DataStructs.cDataStructs.ExplicitBitVect object at 0x000001E45FFFB220>
CHEMBL1945291,COc1ccccc1CN(C)Cc1cccc(CCNC[C@H](O)c2ccc(O)c3[nH]c(=O)sc23)c1,6.699991797446187,<rdkit.DataStructs.cDataStructs.ExplicitBitVect object at 0x000001E45FFFB290>
CHEMBL1945292,COCCNCc1cccc(CCNC[C@H](O)c2ccc(O)c3[nH]c(=O)sc23)c1,6.799998134593398,<rdkit.DataStructs.cDataStructs.ExplicitBitVect object at 0x000001E45FFFB300>
CHEMBL1945293,COCCNCc1ccc(CCNC[C@H](O)c2ccc(O)c3[nH]c(=O)sc23)cc1,6.0999990348465305,<rdkit.DataStructs.cDataStructs.ExplicitBitVect object at 0x000001E45FFFB370>
CHEMBL1945294,O=c1[nH]c2c(O)ccc([C@@H](O)CNCCc3cccc(CN4CCCC4)c3)c2s1,6.499996931948306,<rdkit.DataStructs.cDataStructs.ExplicitBitVect object at 0x000001E45FFFB3E0>
CHEMBL1945296,O=c1[nH]c2c(O)ccc([C@@H](O)CNCCCc3cccc(CNCCc4c(Cl)cccc4Cl)c3)c2s1,8.100015437450608,<rdkit.DataStructs.cDataStructs.ExplicitBitVect object at 0x000001E45FFFB450>
CHEMBL1945297,CC(Cc1cccc(CNCCc2c(Cl)cccc2Cl)c1)NC[C@H](O)c1ccc(O)c2[nH]c(=O)sc12,7.700057099977233,<rdkit.DataStructs.cDataStructs.ExplicitBitVect object at 0x000001E45FFFB4C0>
CHEMBL1945298,O=c1[nH]c2c(O)ccc([C@@H](O)CNCCOc3cccc(CNCCc4ccccc4F)c3)c2s1,6.699991797446187,<rdkit.DataStructs.cDataStructs.ExplicitBitVect object at 0x000001E45FFFB530>
CHEMBL1945299,COc1ccccc1CNCCc1cccc(CCNC[C@H](O)c2ccc(O)c3[nH]c(=O)sc23)c1,7.199970640755866,<rdkit.DataStructs.cDataStructs.ExplicitBitVect object at 0x000001E45FFFB5A0>
CHEMBL1945300,OCc1cc([C@@H](O)CNCCc2ccc(CNCCc3ccccc3)cc2)ccc1O,5.499999678657065,<rdkit.DataStructs.cDataStructs.ExplicitBitVect object at 0x000001E45FFFB610>
CHEMBL1945503,O=c1ccc2c([C@@H](O)CNCCc3cccc(CNCCc4ccccn4)c3)ccc(O)c2[nH]1,5.499999678657065,<rdkit.DataStructs.cDataStructs.ExplicitBitVect object at 0x000001E45FFFB680>
CHEMBL1945504,COc1ccccc1CNCc1ccc(CCNC[C@@H](O)c2ccc(O)c3[nH]c(=O)sc23)cc1,5.899998417198648,<rdkit.DataStructs.cDataStructs.ExplicitBitVect object at 0x000001E45FFFB6F0>
CHEMBL1256786,COc1ccc(CC(C)NCC(O)c2ccc(O)c(NC=O)c2)cc1,6.199998172182031,<rdkit.DataStructs.cDataStructs.ExplicitBitVect object at 0x000001E45FFFB760>
CHEMBL1263,OCc1cc(C(O)CNCCCCCCOCCCCc2ccccc2)ccc1O,6.299997602857746,<rdkit.DataStructs.cDataStructs.ExplicitBitVect object at 0x000001E45FFFB7D0>
CHEMBL1095777,CCc1cc2c(cc1CC)CC(NC[C@H](O)c1ccc(O)c3[nH]c(=O)ccc13)C2,6.499996931948306,<rdkit.DataStructs.cDataStructs.ExplicitBitVect object at 0x000001E45FFFB840>
CHEMBL2011213,COc1ccc(NC(=O)NCCNC[C@H](O)COc2ccccc2C#N)cc1,9.958607314841775,<rdkit.DataStructs.cDataStructs.ExplicitBitVect object at 0x000001E45FFFB8B0>
CHEMBL2011214,N#Cc1ccccc1OC[C@@H](O)CNCCNC(=O)Nc1ccccc1F,9.698970004336019,<rdkit.DataStructs.cDataStructs.ExplicitBitVect object at 0x000001E45FFFB920>
CHEMBL2011215,N#Cc1ccccc1OC[C@@H](O)CNCCNC(=O)Nc1ccc(F)cc1,10.0,<rdkit.DataStructs.cDataStructs.ExplicitBitVect object at 0x000001E45FFFB990>
CHEMBL2011216,N#Cc1ccccc1OC[C@@H](O)CNCCNC(=O)Nc1ccc(OCCF)cc1,10.096910013008056,<rdkit.DataStructs.cDataStructs.ExplicitBitVect object at 0x000001E45FFFBA00>
CHEMBL2011217,N#Cc1ccccc1OC[C@@H](O)CNCCNC(=O)Nc1ccc(OCCCF)cc1,9.602059991327963,<rdkit.DataStructs.cDataStructs.ExplicitBitVect object at 0x000001E45FFFBA70>
CHEMBL2011218,N#Cc1ccccc1OC[C@@H](O)CNCCNC(=O)Nc1cccc(OCCF)c1,10.397940008672037,<rdkit.DataStructs.cDataStructs.ExplicitBitVect object at 0x000001E45FFFBAE0>
CHEMBL2011219,CC(CF)Nc1ccc(NC(=O)NCCNC[C@H](O)COc2ccccc2C#N)cc1,8.823908740944319,<rdkit.DataStructs.cDataStructs.ExplicitBitVect object at 0x000001E45FFFBB50>
CHEMBL2011220,N#Cc1c(F)cccc1OC[C@@H](O)CNCCNC(=O)Nc1ccc(C(=O)O)cc1,7.6777807052660805,<rdkit.DataStructs.cDataStructs.ExplicitBitVect object at 0x000001E45FFFBBC0>
CHEMBL2011221,N#Cc1ccc(F)cc1OC[C@@H](O)CNCCNC(=O)Nc1ccc(C(=O)O)cc1,8.698970004336019,<rdkit.DataStructs.cDataStructs.ExplicitBitVect object at 0x000001E45FFFBC30>
CHEMBL2011222,N#Cc1ccccc1OC[C@@H](O)CNCCNC(=O)Nc1ccc(C(=O)O)c(F)c1,9.0,<rdkit.DataStructs.cDataStructs.ExplicitBitVect object at 0x000001E45FFFBCA0>
CHEMBL2011223,CCOc1ccc(NC(=O)NCCNC[C@H](O)COc2cccc(F)c2C#N)cc1,8.698970004336019,<rdkit.DataStructs.cDataStructs.ExplicitBitVect object at 0x000001E45FFFBD10>
CHEMBL2011224,N#Cc1ccccc1OC[C@@H](O)CNCCNC(=O)Nc1ccc(OCCF)nc1,10.0,<rdkit.DataStructs.cDataStructs.ExplicitBitVect object at 0x000001E45FFFBD80>
CHEMBL2011225,N#Cc1ccccc1OC[C@@H](O)CNCCNC(=O)Nc1ccc(F)nc1,9.522878745280337,<rdkit.DataStructs.cDataStructs.ExplicitBitVect object at 0x000001E45FFFBDF0>
CHEMBL2011226,N#Cc1ccccc1OC[C@@H](O)CNCCNC(=O)Nc1ccc(I)nc1,10.301029995663981,<rdkit.DataStructs.cDataStructs.ExplicitBitVect object at 0x000001E45FFFBE60>
CHEMBL2011227,N#Cc1ccccc1OC[C@@H](O)CNCCNC(=O)Nc1ccc(Br)nc1,10.301029995663981,<rdkit.DataStructs.cDataStructs.ExplicitBitVect object at 0x000001E45FFFBED0>
CHEMBL2011228,N#Cc1ccccc1OC[C@@H](O)CNCCNC(=O)Nc1cnc(Br)cn1,9.455931955649724,<rdkit.DataStructs.cDataStructs.ExplicitBitVect object at 0x000001E45FFFBF40>
CHEMBL2011229,N#Cc1ccccc1OC[C@@H](O)CNCCNC(=O)Nc1nccs1,7.585026652029182,<rdkit.DataStructs.cDataStructs.ExplicitBitVect object at 0x000001E45FFFC040>
CHEMBL2011230,N#Cc1ccccc1OC[C@@H](O)CNCCNC(=O)Nc1nnn(CCF)n1,8.0,<rdkit.DataStructs.cDataStructs.ExplicitBitVect object at 0x000001E45FFFC0B0>
CHEMBL2011231,N#Cc1ccccc1OC[C@@H](O)CNCCNC(=O)NC1CCN(CCF)CC1,7.0,<rdkit.DataStructs.cDataStructs.ExplicitBitVect object at 0x000001E45FFFC120>
CHEMBL2011232,N#Cc1ccccc1OC[C@@H](O)CNCCNC(=O)N1CCOCC1,7.698970004336019,<rdkit.DataStructs.cDataStructs.ExplicitBitVect object at 0x000001E45FFFC190>
CHEMBL2011233,N#Cc1ccccc1OC[C@@H](O)CNCCNC(=O)c1ccc(F)nc1,8.0,<rdkit.DataStructs.cDataStructs.ExplicitBitVect object at 0x000001E45FFFC200>
CHEMBL2011234,N#Cc1ccccc1OC[C@@H](O)CNCCCC(=O)Nc1ccc(F)nc1,8.522878745280337,<rdkit.DataStructs.cDataStructs.ExplicitBitVect object at 0x000001E45FFFC270>
CHEMBL2011235,N#Cc1ccccc1OC[C@@H](O)CNCCNC(=O)Cc1ccc(F)cc1,9.853871964321762,<rdkit.DataStructs.cDataStructs.ExplicitBitVect object at 0x000001E45FFFC2E0>
CHEMBL2011236,N#Cc1ccccc1OC[C@@H](O)CNCCNS(=O)(=O)c1ccccc1F,8.301029995663981,<rdkit.DataStructs.cDataStructs.ExplicitBitVect object at 0x000001E45FFFC350>
CHEMBL452861,CC(C)NC[C@H](O)COc1cccc2ccccc12,8.602059991327963,<rdkit.DataStructs.cDataStructs.ExplicitBitVect object at 0x000001E45FFFC3C0>
CHEMBL24,CC(C)NCC(O)COc1ccc(CC(N)=O)cc1,6.585026652029182,<rdkit.DataStructs.cDataStructs.ExplicitBitVect object at 0x000001E45FFFC430>
CHEMBL3128184,O=C(Nc1ccc(C[C@@H]2CC[C@H]([C@H](O)c3ccccc3)N2)cc1)[C@@H]1CCc2sc(-c3ccc(F)cc3)nc21,5.363612414186844,<rdkit.DataStructs.cDataStructs.ExplicitBitVect object at 0x000001E45FFFC4A0>
CHEMBL111201,O=S(=O)(Nc1ccc(CCNC[C@H](O)c2cccnc2)cc1)c1ccc(-c2nc(-c3ccc(C(F)(F)F)cc3)cs2)cc1,6.0,<rdkit.DataStructs.cDataStructs.ExplicitBitVect object at 0x000001E45FFFC510>
CHEMBL24,CC(C)NCC(O)COc1ccc(CC(N)=O)cc1,6.6777807052660805,<rdkit.DataStructs.cDataStructs.ExplicitBitVect object at 0x000001E45FFFC580>
CHEMBL24,CC(C)NCC(O)COc1ccc(CC(N)=O)cc1,6.6777807052660805,<rdkit.DataStructs.cDataStructs.ExplicitBitVect object at 0x000001E45FFFC5F0>
CHEMBL4128926,CC(C)(C)NS(=O)(=O)c1ccc(-c2sc(C(=O)N[C@H]3C[C@H](C(=O)O)C3)nc2CC2CCCCC2)c2ccccc12,6.527243550682788,<rdkit.DataStructs.cDataStructs.ExplicitBitVect object at 0x000001E45FFFC660>
CHEMBL4285281,COc1cc2c3c(c1OC)-c1ccccc1[C@@H](O)[C@@H]3NCC2,8.769551078621726,<rdkit.DataStructs.cDataStructs.ExplicitBitVect object at 0x000001E45FFFC6D0>
CHEMBL3582478,CC(C)(O)c1cncc(-c2nc3ccc(F)cc3n2C2CC2)c1,5.016824927962187,<rdkit.DataStructs.cDataStructs.ExplicitBitVect object at 0x000001E45FFFC740>
CHEMBL3582478,CC(C)(O)c1cncc(-c2nc3ccc(F)cc3n2C2CC2)c1,5.016824927962187,<rdkit.DataStructs.cDataStructs.ExplicitBitVect object at 0x000001E45FFFC7B0>
CHEMBL3582478,CC(C)(O)c1cncc(-c2nc3ccc(F)cc3n2C2CC2)c1,5.016824927962187,<rdkit.DataStructs.cDataStructs.ExplicitBitVect object at 0x000001E45FFFC820>
CHEMBL24,CC(C)NCC(O)COc1ccc(CC(N)=O)cc1,6.552841968657781,<rdkit.DataStructs.cDataStructs.ExplicitBitVect object at 0x000001E45FFFC890>
